MãĐơnHàng,Ngày,SảnPhẩm,DanhMục,SốLượng,Giá,TuổiKháchHàng,GiớiTính,KhuVực,PhươngThứcThanhToán,DoanhThu,Tháng,Quý
1,2024-07-19,TV,Điện Tử,2,1131,50,Nam,Nam,Ví Điện Tử,2262,7,3
2,2024-07-25,Tai Nghe,Điện Tử,2,944,53,Nữ,Nam,Thẻ Tín Dụng,1888,7,3
3,2024-06-10,Loa,Phụ Kiện,3,1323,35,Nữ,Đông,Ví Điện Tử,3969,6,2
4,2024-07-17,Đồng Hồ Thông Minh,Phụ Kiện,2,1628,54,Nam,Tây,Ví Điện Tử,3256,7,3
5,2024-08-25,TV,Điện Tử,2,186,36,Nam,Nam,Ví Điện Tử,372,8,3
6,2024-07-15,Bàn Phím,Phụ Kiện,3,142,64,Nữ,Nam,Tiền Mặt,426,7,3
7,2024-08-19,Máy Tính Bảng,Phụ Kiện,4,1508,45,Nữ,Đông,Tiền Mặt,6032,8,3
8,2024-11-13,TV,Phụ Kiện,1,1744,57,Nữ,Tây,Ví Điện Tử,1744,11,4
9,2024-04-04,Loa,Phụ Kiện,4,1558,37,Nam,Nam,Ví Điện Tử,6232,4,2
10,2024-05-13,Đồng Hồ Thông Minh,Phụ Kiện,3,507,50,Nam,Nam,Thẻ Tín Dụng,1521,5,2
11,2024-02-02,Tai Nghe,Điện Tử,1,1606,29,Nữ,Tây,Thẻ Tín Dụng,1606,2,1
12,2024-01-01,Loa,Phụ Kiện,3,763,32,Nam,Nam,Tiền Mặt,2289,1,1
13,2024-06-18,Loa,Điện Tử,3,1140,58,Nam,Tây,Tiền Mặt,3420,6,2
14,2024-07-13,Máy Tính Bảng,Phụ Kiện,2,1768,56,Nữ,Tây,Thẻ Tín Dụng,3536,7,3
15,2024-01-07,Máy Ảnh,Điện Tử,1,247,19,Nữ,Đông,Ví Điện Tử,247,1,1
16,2024-01-29,Đồng Hồ Thông Minh,Phụ Kiện,2,376,46,Nam,Bắc,Tiền Mặt,752,1,1
17,2024-01-25,Điện Thoại,Điện Tử,1,331,58,Nam,Tây,Ví Điện Tử,331,1,1
18,2024-02-06,Loa,Phụ Kiện,3,1949,27,Nữ,Đông,Thẻ Tín Dụng,5847,2,1
19,2024-12-12,Máy Ảnh,Điện Tử,3,465,19,Nam,Bắc,Tiền Mặt,1395,12,4
20,2024-03-06,Điện Thoại,Phụ Kiện,4,1351,28,Nam,Nam,Tiền Mặt,5404,3,1
21,2024-05-08,Đồng Hồ Thông Minh,Điện Tử,1,1774,30,Nữ,Bắc,Thẻ Tín Dụng,1774,5,2
22,2024-01-20,Laptop,Phụ Kiện,2,535,27,Nữ,Tây,Tiền Mặt,1070,1,1
23,2024-06-06,Bàn Phím,Điện Tử,4,498,31,Nam,Tây,Thẻ Tín Dụng,1992,6,2
24,2024-09-25,Máy Ảnh,Điện Tử,4,1334,35,Nam,Tây,Tiền Mặt,5336,9,3
25,2024-01-06,Chuột,Phụ Kiện,4,1514,26,Nam,Tây,Thẻ Tín Dụng,6056,1,1
26,2024-09-20,Laptop,Phụ Kiện,2,598,56,Nữ,Tây,Tiền Mặt,1196,9,3
27,2024-04-13,Bàn Phím,Điện Tử,4,639,45,Nam,Đông,Ví Điện Tử,2556,4,2
28,2024-11-02,Máy Tính Bảng,Phụ Kiện,2,662,20,Nam,Tây,Ví Điện Tử,1324,11,4
29,2024-12-21,TV,Điện Tử,4,1614,37,Nữ,Đông,Ví Điện Tử,6456,12,4
30,2024-06-05,Tai Nghe,Điện Tử,2,541,23,Nữ,Nam,Tiền Mặt,1082,6,2
31,2024-07-23,Chuột,Điện Tử,3,1384,44,Nam,Tây,Tiền Mặt,4152,7,3
32,2024-03-24,Máy Tính Bảng,Phụ Kiện,3,872,19,Nữ,Tây,Ví Điện Tử,2616,3,1
33,2024-06-22,Đồng Hồ Thông Minh,Điện Tử,3,449,46,Nữ,Bắc,Ví Điện Tử,1347,6,2
34,2024-07-09,Máy Tính Bảng,Điện Tử,3,1475,55,Nam,Nam,Thẻ Tín Dụng,4425,7,3
35,2024-07-03,TV,Phụ Kiện,3,619,20,Nữ,Tây,Thẻ Tín Dụng,1857,7,3
36,2024-02-20,Đồng Hồ Thông Minh,Phụ Kiện,4,1443,33,Nữ,Tây,Thẻ Tín Dụng,5772,2,1
37,2024-12-26,Chuột,Phụ Kiện,4,237,47,Nam,Nam,Ví Điện Tử,948,12,4
38,2024-09-02,TV,Phụ Kiện,4,1673,57,Nữ,Đông,Ví Điện Tử,6692,9,3
39,2024-11-26,Điện Thoại,Điện Tử,2,1746,19,Nam,Tây,Ví Điện Tử,3492,11,4
40,2024-08-11,Tai Nghe,Điện Tử,2,1091,34,Nam,Bắc,Thẻ Tín Dụng,2182,8,3
41,2024-11-03,Chuột,Điện Tử,2,467,58,Nữ,Tây,Tiền Mặt,934,11,4
42,2024-08-02,Điện Thoại,Điện Tử,2,1343,29,Nữ,Bắc,Ví Điện Tử,2686,8,3
43,2024-09-17,Bàn Phím,Phụ Kiện,3,1460,52,Nữ,Bắc,Tiền Mặt,4380,9,3
44,2024-04-18,Chuột,Điện Tử,3,1346,60,Nam,Tây,Tiền Mặt,4038,4,2
45,2024-11-20,Bàn Phím,Điện Tử,3,1771,18,Nữ,Tây,Tiền Mặt,5313,11,4
46,2024-11-02,Đồng Hồ Thông Minh,Phụ Kiện,1,1891,62,Nam,Bắc,Thẻ Tín Dụng,1891,11,4
47,2024-04-22,Điện Thoại,Điện Tử,4,459,32,Nữ,Nam,Tiền Mặt,1836,4,2
48,2024-03-25,Tai Nghe,Điện Tử,2,1020,43,Nữ,Nam,Ví Điện Tử,2040,3,1
49,2024-06-11,TV,Điện Tử,2,428,54,Nữ,Tây,Thẻ Tín Dụng,856,6,2
50,2024-08-05,Loa,Điện Tử,3,1061,38,Nam,Đông,Ví Điện Tử,3183,8,3
51,2024-06-15,Máy Tính Bảng,Điện Tử,2,562,48,Nữ,Nam,Ví Điện Tử,1124,6,2
52,2024-12-21,Laptop,Điện Tử,2,1045,42,Nữ,Tây,Thẻ Tín Dụng,2090,12,4
53,2024-10-03,Tai Nghe,Phụ Kiện,4,1062,40,Nam,Nam,Ví Điện Tử,4248,10,4
54,2024-11-03,Điện Thoại,Phụ Kiện,3,1684,41,Nam,Đông,Ví Điện Tử,5052,11,4
55,2024-12-14,Loa,Điện Tử,4,1927,55,Nữ,Tây,Thẻ Tín Dụng,7708,12,4
56,2024-01-19,Tai Nghe,Điện Tử,1,1505,45,Nữ,Đông,Ví Điện Tử,1505,1,1
57,2024-06-22,Điện Thoại,Phụ Kiện,1,935,38,Nữ,Tây,Tiền Mặt,935,6,2
58,2024-07-15,Máy Ảnh,Điện Tử,1,1713,60,Nam,Đông,Ví Điện Tử,1713,7,3
59,2024-04-30,Máy Ảnh,Điện Tử,3,1740,35,Nam,Nam,Tiền Mặt,5220,4,2
60,2024-07-23,Bàn Phím,Điện Tử,2,268,53,Nam,Nam,Ví Điện Tử,536,7,3
61,2024-07-31,Tai Nghe,Phụ Kiện,3,316,52,Nam,Đông,Thẻ Tín Dụng,948,7,3
62,2024-02-05,Máy Ảnh,Điện Tử,3,477,62,Nữ,Đông,Thẻ Tín Dụng,1431,2,1
63,2024-03-28,Điện Thoại,Phụ Kiện,2,218,26,Nam,Đông,Ví Điện Tử,436,3,1
64,2024-01-07,Bàn Phím,Điện Tử,4,289,55,Nam,Tây,Thẻ Tín Dụng,1156,1,1
65,2024-04-21,Điện Thoại,Phụ Kiện,1,866,47,Nam,Nam,Ví Điện Tử,866,4,2
66,2024-12-30,Bàn Phím,Phụ Kiện,4,469,61,Nữ,Tây,Thẻ Tín Dụng,1876,12,4
67,2024-03-13,Tai Nghe,Điện Tử,1,1901,51,Nữ,Nam,Tiền Mặt,1901,3,1
68,2024-09-26,Loa,Phụ Kiện,3,248,49,Nam,Bắc,Ví Điện Tử,744,9,3
69,2024-11-21,TV,Điện Tử,1,1799,20,Nam,Tây,Tiền Mặt,1799,11,4
70,2024-01-19,Chuột,Phụ Kiện,3,751,20,Nữ,Nam,Tiền Mặt,2253,1,1
71,2024-02-02,Loa,Điện Tử,4,1982,45,Nữ,Nam,Ví Điện Tử,7928,2,1
72,2024-12-23,Đồng Hồ Thông Minh,Điện Tử,3,1611,61,Nữ,Tây,Tiền Mặt,4833,12,4
73,2024-07-29,Điện Thoại,Phụ Kiện,4,869,32,Nữ,Tây,Ví Điện Tử,3476,7,3
74,2024-01-22,Đồng Hồ Thông Minh,Điện Tử,2,473,58,Nữ,Nam,Tiền Mặt,946,1,1
75,2024-04-21,Loa,Điện Tử,2,880,40,Nữ,Tây,Ví Điện Tử,1760,4,2
76,2024-04-23,Bàn Phím,Phụ Kiện,2,1816,57,Nữ,Đông,Ví Điện Tử,3632,4,2
77,2024-01-15,Chuột,Điện Tử,3,259,28,Nữ,Tây,Thẻ Tín Dụng,777,1,1
78,2024-04-10,Chuột,Điện Tử,2,450,49,Nam,Tây,Ví Điện Tử,900,4,2
79,2024-08-30,Laptop,Phụ Kiện,1,1411,53,Nam,Tây,Ví Điện Tử,1411,8,3
80,2024-12-20,Chuột,Phụ Kiện,4,1411,50,Nam,Nam,Tiền Mặt,5644,12,4
81,2024-12-22,TV,Điện Tử,4,991,41,Nam,Đông,Ví Điện Tử,3964,12,4
82,2024-10-19,Chuột,Điện Tử,1,1349,56,Nam,Bắc,Thẻ Tín Dụng,1349,10,4
83,2024-11-13,Loa,Phụ Kiện,3,622,51,Nam,Bắc,Tiền Mặt,1866,11,4
84,2024-02-06,Laptop,Phụ Kiện,3,621,45,Nữ,Đông,Tiền Mặt,1863,2,1
85,2024-12-24,Loa,Điện Tử,4,882,54,Nữ,Đông,Thẻ Tín Dụng,3528,12,4
86,2024-12-10,Loa,Phụ Kiện,2,372,24,Nam,Đông,Tiền Mặt,744,12,4
87,2024-10-19,Máy Tính Bảng,Điện Tử,3,1035,21,Nam,Nam,Tiền Mặt,3105,10,4
88,2024-12-15,Laptop,Điện Tử,3,1525,54,Nữ,Bắc,Tiền Mặt,4575,12,4
89,2024-03-05,Loa,Điện Tử,1,282,18,Nữ,Đông,Tiền Mặt,282,3,1
90,2024-11-08,Máy Tính Bảng,Điện Tử,1,1788,18,Nữ,Nam,Thẻ Tín Dụng,1788,11,4
91,2024-10-07,Máy Tính Bảng,Điện Tử,2,587,64,Nam,Bắc,Thẻ Tín Dụng,1174,10,4
92,2024-12-22,Laptop,Phụ Kiện,3,1950,37,Nữ,Tây,Tiền Mặt,5850,12,4
93,2024-02-25,Đồng Hồ Thông Minh,Phụ Kiện,3,945,36,Nam,Nam,Tiền Mặt,2835,2,1
94,2024-12-21,Bàn Phím,Phụ Kiện,1,223,46,Nam,Bắc,Thẻ Tín Dụng,223,12,4
95,2024-06-12,TV,Phụ Kiện,3,1084,27,Nữ,Nam,Thẻ Tín Dụng,3252,6,2
96,2024-12-22,Bàn Phím,Điện Tử,4,1749,35,Nữ,Bắc,Thẻ Tín Dụng,6996,12,4
97,2024-09-12,Chuột,Điện Tử,1,889,45,Nam,Bắc,Tiền Mặt,889,9,3
98,2024-01-25,TV,Điện Tử,2,513,52,Nữ,Tây,Tiền Mặt,1026,1,1
99,2024-10-05,Chuột,Điện Tử,1,1848,60,Nữ,Nam,Ví Điện Tử,1848,10,4
100,2024-09-28,Loa,Phụ Kiện,3,1295,64,Nam,Đông,Thẻ Tín Dụng,3885,9,3
101,2024-10-06,Điện Thoại,Điện Tử,2,1411,48,Nữ,Tây,Tiền Mặt,2822,10,4
102,2024-02-04,Laptop,Điện Tử,1,1558,44,Nam,Tây,Thẻ Tín Dụng,1558,2,1
103,2024-12-29,TV,Phụ Kiện,4,785,28,Nam,Bắc,Tiền Mặt,3140,12,4
104,2024-12-30,TV,Phụ Kiện,4,212,55,Nữ,Đông,Thẻ Tín Dụng,848,12,4
105,2024-06-02,Loa,Phụ Kiện,1,987,22,Nam,Nam,Tiền Mặt,987,6,2
106,2024-04-27,Đồng Hồ Thông Minh,Phụ Kiện,4,221,25,Nam,Đông,Ví Điện Tử,884,4,2
107,2024-07-26,Máy Tính Bảng,Điện Tử,4,1667,51,Nữ,Đông,Ví Điện Tử,6668,7,3
108,2024-09-10,Loa,Điện Tử,4,1345,29,Nữ,Đông,Thẻ Tín Dụng,5380,9,3
109,2024-06-09,Máy Ảnh,Phụ Kiện,2,1754,55,Nữ,Đông,Tiền Mặt,3508,6,2
110,2024-11-28,Máy Tính Bảng,Điện Tử,4,138,18,Nam,Đông,Tiền Mặt,552,11,4
111,2024-08-19,Laptop,Điện Tử,4,596,48,Nam,Bắc,Thẻ Tín Dụng,2384,8,3
112,2024-03-11,Máy Tính Bảng,Điện Tử,4,879,21,Nữ,Bắc,Tiền Mặt,3516,3,1
113,2024-05-27,Đồng Hồ Thông Minh,Phụ Kiện,2,1356,62,Nam,Tây,Thẻ Tín Dụng,2712,5,2
114,2024-12-03,Máy Tính Bảng,Điện Tử,1,1042,22,Nữ,Bắc,Tiền Mặt,1042,12,4
115,2024-02-21,Laptop,Phụ Kiện,3,1653,47,Nữ,Tây,Thẻ Tín Dụng,4959,2,1
116,2024-03-02,Đồng Hồ Thông Minh,Điện Tử,4,248,41,Nam,Tây,Tiền Mặt,992,3,1
117,2024-03-03,Bàn Phím,Điện Tử,1,1520,20,Nữ,Nam,Thẻ Tín Dụng,1520,3,1
118,2024-11-02,TV,Điện Tử,4,1121,28,Nam,Đông,Tiền Mặt,4484,11,4
119,2024-09-14,TV,Phụ Kiện,2,760,62,Nam,Bắc,Ví Điện Tử,1520,9,3
120,2024-01-28,Chuột,Điện Tử,1,1761,21,Nữ,Nam,Tiền Mặt,1761,1,1
121,2024-04-10,Bàn Phím,Phụ Kiện,2,401,43,Nam,Bắc,Thẻ Tín Dụng,802,4,2
122,2024-12-17,Bàn Phím,Phụ Kiện,4,1483,44,Nữ,Tây,Ví Điện Tử,5932,12,4
123,2024-11-10,Máy Tính Bảng,Phụ Kiện,4,337,63,Nam,Bắc,Tiền Mặt,1348,11,4
124,2024-12-29,TV,Điện Tử,2,746,60,Nam,Đông,Ví Điện Tử,1492,12,4
125,2024-12-13,Laptop,Điện Tử,3,762,44,Nam,Tây,Tiền Mặt,2286,12,4
126,2024-12-27,Tai Nghe,Điện Tử,2,335,59,Nữ,Tây,Ví Điện Tử,670,12,4
127,2024-05-01,Tai Nghe,Điện Tử,4,1859,23,Nam,Nam,Thẻ Tín Dụng,7436,5,2
128,2024-09-22,Đồng Hồ Thông Minh,Phụ Kiện,2,302,32,Nữ,Đông,Tiền Mặt,604,9,3
129,2024-08-06,TV,Phụ Kiện,3,355,47,Nam,Tây,Tiền Mặt,1065,8,3
130,2024-05-30,TV,Phụ Kiện,2,697,59,Nam,Đông,Thẻ Tín Dụng,1394,5,2
131,2024-05-27,Tai Nghe,Điện Tử,3,761,54,Nữ,Bắc,Ví Điện Tử,2283,5,2
132,2024-12-10,TV,Phụ Kiện,3,334,54,Nữ,Đông,Thẻ Tín Dụng,1002,12,4
133,2024-01-08,Máy Tính Bảng,Điện Tử,2,1468,59,Nữ,Tây,Thẻ Tín Dụng,2936,1,1
134,2024-08-18,Máy Ảnh,Phụ Kiện,2,633,54,Nữ,Nam,Ví Điện Tử,1266,8,3
135,2024-10-10,Điện Thoại,Điện Tử,1,959,52,Nữ,Tây,Thẻ Tín Dụng,959,10,4
136,2024-11-25,Bàn Phím,Điện Tử,4,1920,40,Nam,Đông,Tiền Mặt,7680,11,4
137,2024-01-27,Chuột,Phụ Kiện,3,1904,23,Nam,Đông,Tiền Mặt,5712,1,1
138,2024-12-24,Đồng Hồ Thông Minh,Phụ Kiện,1,1589,21,Nữ,Tây,Tiền Mặt,1589,12,4
139,2024-06-02,Máy Ảnh,Phụ Kiện,2,869,35,Nam,Đông,Thẻ Tín Dụng,1738,6,2
140,2024-07-26,Tai Nghe,Phụ Kiện,4,640,26,Nam,Bắc,Tiền Mặt,2560,7,3
141,2024-12-24,Bàn Phím,Điện Tử,1,312,46,Nam,Tây,Tiền Mặt,312,12,4
142,2024-09-26,TV,Phụ Kiện,3,562,30,Nữ,Nam,Tiền Mặt,1686,9,3
143,2024-05-18,Chuột,Phụ Kiện,1,535,64,Nam,Tây,Tiền Mặt,535,5,2
144,2024-01-19,TV,Phụ Kiện,3,382,34,Nam,Bắc,Tiền Mặt,1146,1,1
145,2024-03-21,Laptop,Điện Tử,2,1685,62,Nam,Bắc,Tiền Mặt,3370,3,1
146,2024-03-28,Laptop,Điện Tử,4,1730,49,Nữ,Bắc,Thẻ Tín Dụng,6920,3,1
147,2024-11-16,Chuột,Phụ Kiện,4,1586,39,Nam,Bắc,Tiền Mặt,6344,11,4
148,2024-07-24,Chuột,Điện Tử,4,1530,21,Nam,Bắc,Tiền Mặt,6120,7,3
149,2024-03-01,Tai Nghe,Phụ Kiện,2,187,22,Nữ,Nam,Ví Điện Tử,374,3,1
150,2024-07-07,Chuột,Điện Tử,3,1167,54,Nữ,Đông,Thẻ Tín Dụng,3501,7,3
151,2024-09-14,Máy Tính Bảng,Điện Tử,2,560,58,Nam,Bắc,Thẻ Tín Dụng,1120,9,3
152,2024-12-08,TV,Điện Tử,4,377,30,Nam,Bắc,Thẻ Tín Dụng,1508,12,4
153,2024-08-21,Máy Ảnh,Điện Tử,2,1806,51,Nữ,Tây,Thẻ Tín Dụng,3612,8,3
154,2024-10-14,Loa,Phụ Kiện,2,520,62,Nữ,Nam,Tiền Mặt,1040,10,4
155,2024-12-31,Chuột,Phụ Kiện,2,1824,39,Nữ,Nam,Tiền Mặt,3648,12,4
156,2024-07-14,Đồng Hồ Thông Minh,Phụ Kiện,3,1476,40,Nữ,Đông,Ví Điện Tử,4428,7,3
157,2024-10-16,Laptop,Điện Tử,1,795,20,Nữ,Nam,Ví Điện Tử,795,10,4
158,2024-12-08,Máy Tính Bảng,Phụ Kiện,1,614,59,Nữ,Tây,Thẻ Tín Dụng,614,12,4
159,2024-03-22,Bàn Phím,Phụ Kiện,2,802,51,Nữ,Tây,Ví Điện Tử,1604,3,1
160,2024-12-26,Loa,Phụ Kiện,1,1753,49,Nam,Đông,Ví Điện Tử,1753,12,4
161,2024-07-02,Máy Ảnh,Điện Tử,1,118,62,Nữ,Tây,Thẻ Tín Dụng,118,7,3
162,2024-05-03,Loa,Điện Tử,2,122,38,Nữ,Bắc,Thẻ Tín Dụng,244,5,2
163,2024-11-02,Chuột,Điện Tử,2,512,63,Nam,Bắc,Ví Điện Tử,1024,11,4
164,2024-07-13,Tai Nghe,Phụ Kiện,4,1153,61,Nữ,Tây,Tiền Mặt,4612,7,3
165,2024-11-14,Laptop,Phụ Kiện,1,1930,38,Nữ,Đông,Ví Điện Tử,1930,11,4
166,2024-11-30,Laptop,Phụ Kiện,3,207,61,Nam,Nam,Ví Điện Tử,621,11,4
167,2024-12-04,Bàn Phím,Điện Tử,2,1490,28,Nữ,Đông,Tiền Mặt,2980,12,4
168,2024-04-27,Tai Nghe,Điện Tử,4,1404,56,Nam,Nam,Tiền Mặt,5616,4,2
169,2024-07-11,TV,Phụ Kiện,3,1251,21,Nam,Tây,Thẻ Tín Dụng,3753,7,3
170,2024-02-20,Điện Thoại,Điện Tử,1,1352,18,Nam,Tây,Thẻ Tín Dụng,1352,2,1
171,2024-07-17,Máy Tính Bảng,Điện Tử,4,1234,45,Nam,Bắc,Ví Điện Tử,4936,7,3
172,2024-07-29,Laptop,Điện Tử,2,235,41,Nữ,Nam,Tiền Mặt,470,7,3
173,2024-12-15,Đồng Hồ Thông Minh,Điện Tử,3,461,52,Nam,Đông,Thẻ Tín Dụng,1383,12,4
174,2024-11-25,Laptop,Phụ Kiện,2,1309,30,Nam,Tây,Ví Điện Tử,2618,11,4
175,2024-02-10,Loa,Điện Tử,1,1779,64,Nữ,Đông,Tiền Mặt,1779,2,1
176,2024-04-03,Laptop,Điện Tử,3,1707,51,Nam,Bắc,Ví Điện Tử,5121,4,2
177,2024-01-29,Laptop,Điện Tử,1,228,28,Nam,Nam,Thẻ Tín Dụng,228,1,1
178,2024-01-11,Điện Thoại,Điện Tử,1,1999,53,Nam,Nam,Thẻ Tín Dụng,1999,1,1
179,2024-11-02,Điện Thoại,Phụ Kiện,4,1384,34,Nam,Tây,Tiền Mặt,5536,11,4
180,2024-08-17,Máy Ảnh,Phụ Kiện,2,614,52,Nữ,Nam,Ví Điện Tử,1228,8,3
181,2024-08-18,TV,Điện Tử,3,548,35,Nam,Tây,Tiền Mặt,1644,8,3
182,2024-09-27,Đồng Hồ Thông Minh,Điện Tử,1,1227,57,Nữ,Bắc,Thẻ Tín Dụng,1227,9,3
183,2024-10-06,Laptop,Điện Tử,1,1606,39,Nữ,Nam,Thẻ Tín Dụng,1606,10,4
184,2024-05-31,Laptop,Điện Tử,3,1347,41,Nam,Tây,Ví Điện Tử,4041,5,2
185,2024-03-14,Máy Tính Bảng,Điện Tử,1,1955,36,Nam,Đông,Ví Điện Tử,1955,3,1
186,2024-11-12,Điện Thoại,Điện Tử,4,973,54,Nam,Tây,Ví Điện Tử,3892,11,4
187,2024-08-06,Đồng Hồ Thông Minh,Phụ Kiện,4,1989,56,Nam,Nam,Tiền Mặt,7956,8,3
188,2024-10-04,Bàn Phím,Điện Tử,4,1614,38,Nữ,Bắc,Ví Điện Tử,6456,10,4
189,2024-08-01,Máy Ảnh,Phụ Kiện,4,572,25,Nữ,Nam,Ví Điện Tử,2288,8,3
190,2024-11-12,TV,Phụ Kiện,1,1133,45,Nữ,Nam,Thẻ Tín Dụng,1133,11,4
191,2024-10-19,Tai Nghe,Điện Tử,3,1528,22,Nam,Tây,Thẻ Tín Dụng,4584,10,4
192,2024-09-06,TV,Phụ Kiện,3,401,34,Nữ,Đông,Ví Điện Tử,1203,9,3
193,2024-04-30,Loa,Phụ Kiện,3,330,54,Nam,Nam,Ví Điện Tử,990,4,2
194,2024-04-07,Laptop,Phụ Kiện,3,1854,53,Nam,Đông,Thẻ Tín Dụng,5562,4,2
195,2024-02-07,Máy Ảnh,Phụ Kiện,2,1022,36,Nam,Tây,Ví Điện Tử,2044,2,1
196,2024-02-11,Loa,Phụ Kiện,3,1189,44,Nam,Đông,Tiền Mặt,3567,2,1
197,2024-03-22,Đồng Hồ Thông Minh,Phụ Kiện,2,1036,51,Nam,Tây,Tiền Mặt,2072,3,1
198,2024-07-25,Tai Nghe,Điện Tử,2,211,28,Nữ,Bắc,Tiền Mặt,422,7,3
199,2024-12-26,Điện Thoại,Phụ Kiện,4,1136,62,Nữ,Đông,Ví Điện Tử,4544,12,4
200,2024-07-28,Máy Ảnh,Phụ Kiện,2,1516,64,Nam,Đông,Thẻ Tín Dụng,3032,7,3
201,2024-02-04,Máy Ảnh,Phụ Kiện,1,599,29,Nữ,Bắc,Ví Điện Tử,599,2,1
202,2024-03-28,Laptop,Điện Tử,2,1031,38,Nam,Đông,Ví Điện Tử,2062,3,1
203,2024-04-24,Chuột,Phụ Kiện,4,697,28,Nam,Bắc,Thẻ Tín Dụng,2788,4,2
204,2024-03-26,Máy Ảnh,Điện Tử,2,333,56,Nam,Nam,Thẻ Tín Dụng,666,3,1
205,2024-12-30,Máy Tính Bảng,Phụ Kiện,1,701,45,Nữ,Tây,Thẻ Tín Dụng,701,12,4
206,2024-01-16,Tai Nghe,Điện Tử,1,413,22,Nam,Bắc,Tiền Mặt,413,1,1
207,2024-11-21,Tai Nghe,Điện Tử,1,665,34,Nam,Đông,Ví Điện Tử,665,11,4
208,2024-01-19,Máy Tính Bảng,Phụ Kiện,4,1135,37,Nữ,Bắc,Thẻ Tín Dụng,4540,1,1
209,2024-08-02,Bàn Phím,Phụ Kiện,4,308,58,Nữ,Đông,Ví Điện Tử,1232,8,3
210,2024-09-02,Máy Tính Bảng,Điện Tử,3,1137,63,Nữ,Nam,Tiền Mặt,3411,9,3
211,2024-02-15,Máy Tính Bảng,Phụ Kiện,4,1756,29,Nam,Bắc,Tiền Mặt,7024,2,1
212,2024-01-10,Tai Nghe,Điện Tử,1,1541,23,Nam,Nam,Thẻ Tín Dụng,1541,1,1
213,2024-07-28,TV,Điện Tử,1,1560,34,Nữ,Tây,Thẻ Tín Dụng,1560,7,3
214,2024-01-10,Tai Nghe,Điện Tử,4,1500,36,Nam,Đông,Ví Điện Tử,6000,1,1
215,2024-05-29,Chuột,Điện Tử,2,1143,43,Nữ,Đông,Thẻ Tín Dụng,2286,5,2
216,2024-08-07,Laptop,Điện Tử,4,686,61,Nữ,Nam,Ví Điện Tử,2744,8,3
217,2024-09-26,Loa,Phụ Kiện,4,1878,61,Nam,Tây,Thẻ Tín Dụng,7512,9,3
218,2024-07-16,TV,Điện Tử,1,1858,49,Nam,Bắc,Ví Điện Tử,1858,7,3
219,2024-02-12,Điện Thoại,Điện Tử,3,1114,23,Nữ,Bắc,Ví Điện Tử,3342,2,1
220,2024-07-10,Loa,Phụ Kiện,1,1193,53,Nữ,Đông,Ví Điện Tử,1193,7,3
221,2024-03-22,Laptop,Điện Tử,3,1947,55,Nữ,Nam,Ví Điện Tử,5841,3,1
222,2024-05-01,Chuột,Phụ Kiện,1,1334,28,Nữ,Nam,Tiền Mặt,1334,5,2
223,2024-02-17,Chuột,Phụ Kiện,4,1224,50,Nam,Bắc,Ví Điện Tử,4896,2,1
224,2024-09-26,Điện Thoại,Phụ Kiện,1,797,41,Nữ,Tây,Thẻ Tín Dụng,797,9,3
225,2024-10-16,TV,Điện Tử,1,231,40,Nữ,Tây,Tiền Mặt,231,10,4
226,2024-09-01,Bàn Phím,Điện Tử,1,1746,32,Nữ,Bắc,Tiền Mặt,1746,9,3
227,2024-05-18,Máy Tính Bảng,Điện Tử,4,1504,44,Nam,Bắc,Ví Điện Tử,6016,5,2
228,2024-02-16,TV,Phụ Kiện,4,1255,28,Nam,Nam,Tiền Mặt,5020,2,1
229,2024-02-22,Bàn Phím,Điện Tử,4,1143,34,Nữ,Tây,Ví Điện Tử,4572,2,1
230,2024-11-24,Chuột,Phụ Kiện,4,635,31,Nam,Bắc,Thẻ Tín Dụng,2540,11,4
231,2024-12-04,Tai Nghe,Điện Tử,3,1113,44,Nam,Bắc,Ví Điện Tử,3339,12,4
232,2024-02-23,Laptop,Phụ Kiện,3,326,35,Nam,Đông,Tiền Mặt,978,2,1
233,2024-05-15,Điện Thoại,Điện Tử,2,1277,45,Nữ,Bắc,Thẻ Tín Dụng,2554,5,2
234,2024-02-05,Laptop,Điện Tử,4,1928,64,Nữ,Bắc,Ví Điện Tử,7712,2,1
235,2024-07-25,Đồng Hồ Thông Minh,Điện Tử,3,1865,64,Nam,Tây,Thẻ Tín Dụng,5595,7,3
236,2024-10-22,Đồng Hồ Thông Minh,Phụ Kiện,1,1592,21,Nữ,Nam,Thẻ Tín Dụng,1592,10,4
237,2024-01-27,TV,Phụ Kiện,4,921,24,Nữ,Tây,Tiền Mặt,3684,1,1
238,2024-12-23,Chuột,Điện Tử,2,970,62,Nam,Nam,Thẻ Tín Dụng,1940,12,4
239,2024-04-11,Chuột,Điện Tử,2,504,52,Nam,Đông,Tiền Mặt,1008,4,2
240,2024-03-05,Máy Tính Bảng,Phụ Kiện,2,301,26,Nữ,Bắc,Thẻ Tín Dụng,602,3,1
241,2024-06-05,Máy Tính Bảng,Phụ Kiện,1,137,25,Nam,Đông,Ví Điện Tử,137,6,2
242,2024-04-09,Máy Tính Bảng,Phụ Kiện,3,1041,62,Nữ,Nam,Thẻ Tín Dụng,3123,4,2
243,2024-01-03,Tai Nghe,Điện Tử,1,1895,34,Nữ,Tây,Ví Điện Tử,1895,1,1
244,2024-10-10,Loa,Phụ Kiện,4,287,34,Nam,Tây,Ví Điện Tử,1148,10,4
245,2024-11-27,Máy Ảnh,Điện Tử,2,1180,50,Nữ,Đông,Thẻ Tín Dụng,2360,11,4
246,2024-09-05,Loa,Phụ Kiện,1,1040,49,Nữ,Nam,Ví Điện Tử,1040,9,3
247,2024-04-03,Laptop,Điện Tử,1,1143,25,Nam,Đông,Thẻ Tín Dụng,1143,4,2
248,2024-06-24,Loa,Phụ Kiện,3,372,36,Nam,Đông,Thẻ Tín Dụng,1116,6,2
249,2024-03-31,Tai Nghe,Phụ Kiện,3,1242,55,Nam,Bắc,Ví Điện Tử,3726,3,1
250,2024-05-02,Laptop,Phụ Kiện,2,682,20,Nữ,Đông,Ví Điện Tử,1364,5,2
251,2024-02-20,Loa,Phụ Kiện,1,615,22,Nam,Bắc,Tiền Mặt,615,2,1
252,2024-11-23,Tai Nghe,Phụ Kiện,1,1344,30,Nam,Bắc,Ví Điện Tử,1344,11,4
253,2024-06-04,Máy Ảnh,Điện Tử,3,625,64,Nam,Tây,Tiền Mặt,1875,6,2
254,2024-11-20,Loa,Phụ Kiện,1,1638,63,Nam,Bắc,Ví Điện Tử,1638,11,4
255,2024-08-27,Tai Nghe,Phụ Kiện,1,1851,48,Nữ,Bắc,Thẻ Tín Dụng,1851,8,3
256,2024-01-17,Máy Tính Bảng,Phụ Kiện,1,1864,33,Nữ,Tây,Ví Điện Tử,1864,1,1
257,2024-08-03,Chuột,Điện Tử,3,435,49,Nam,Đông,Thẻ Tín Dụng,1305,8,3
258,2024-10-26,Máy Tính Bảng,Phụ Kiện,2,797,39,Nữ,Nam,Thẻ Tín Dụng,1594,10,4
259,2024-05-26,Chuột,Điện Tử,4,1178,46,Nam,Nam,Thẻ Tín Dụng,4712,5,2
260,2024-01-22,Điện Thoại,Phụ Kiện,2,599,39,Nam,Nam,Tiền Mặt,1198,1,1
261,2024-10-04,Điện Thoại,Phụ Kiện,4,999,60,Nữ,Đông,Ví Điện Tử,3996,10,4
262,2024-08-09,Điện Thoại,Điện Tử,1,865,20,Nữ,Bắc,Thẻ Tín Dụng,865,8,3
263,2024-07-17,Máy Ảnh,Phụ Kiện,2,635,27,Nam,Nam,Thẻ Tín Dụng,1270,7,3
264,2024-11-19,Máy Tính Bảng,Điện Tử,4,261,59,Nam,Đông,Tiền Mặt,1044,11,4
265,2024-08-18,Chuột,Điện Tử,3,1793,38,Nữ,Bắc,Ví Điện Tử,5379,8,3
266,2024-12-01,Tai Nghe,Phụ Kiện,3,693,33,Nam,Tây,Ví Điện Tử,2079,12,4
267,2024-09-29,Laptop,Điện Tử,2,258,29,Nữ,Nam,Tiền Mặt,516,9,3
268,2024-05-03,Tai Nghe,Phụ Kiện,2,1311,19,Nam,Bắc,Tiền Mặt,2622,5,2
269,2024-10-04,Laptop,Phụ Kiện,1,159,58,Nam,Nam,Ví Điện Tử,159,10,4
270,2024-11-06,Đồng Hồ Thông Minh,Điện Tử,2,1014,41,Nữ,Nam,Tiền Mặt,2028,11,4
271,2024-03-07,Tai Nghe,Điện Tử,1,1940,52,Nữ,Nam,Ví Điện Tử,1940,3,1
272,2024-05-04,Loa,Điện Tử,1,1442,47,Nữ,Bắc,Ví Điện Tử,1442,5,2
273,2024-12-30,Loa,Điện Tử,3,310,47,Nữ,Đông,Thẻ Tín Dụng,930,12,4
274,2024-02-26,TV,Phụ Kiện,3,505,64,Nữ,Bắc,Thẻ Tín Dụng,1515,2,1
275,2024-10-27,Máy Tính Bảng,Phụ Kiện,4,763,52,Nữ,Nam,Ví Điện Tử,3052,10,4
276,2024-07-21,Laptop,Điện Tử,3,1232,36,Nữ,Bắc,Ví Điện Tử,3696,7,3
277,2024-01-15,Laptop,Phụ Kiện,3,1199,25,Nam,Tây,Ví Điện Tử,3597,1,1
278,2024-09-10,Máy Tính Bảng,Phụ Kiện,2,641,43,Nam,Đông,Ví Điện Tử,1282,9,3
279,2024-04-30,Máy Ảnh,Phụ Kiện,3,1437,57,Nam,Bắc,Ví Điện Tử,4311,4,2
280,2024-01-28,TV,Phụ Kiện,4,1097,24,Nữ,Tây,Ví Điện Tử,4388,1,1
281,2024-10-26,Máy Ảnh,Điện Tử,2,1240,47,Nữ,Đông,Tiền Mặt,2480,10,4
282,2024-04-06,Máy Ảnh,Điện Tử,4,1026,24,Nữ,Tây,Ví Điện Tử,4104,4,2
283,2024-03-03,Máy Ảnh,Phụ Kiện,3,967,20,Nam,Đông,Tiền Mặt,2901,3,1
284,2024-09-09,Máy Tính Bảng,Điện Tử,4,1827,18,Nữ,Bắc,Tiền Mặt,7308,9,3
285,2024-12-07,Máy Ảnh,Điện Tử,2,118,53,Nữ,Tây,Ví Điện Tử,236,12,4
286,2024-11-29,Loa,Điện Tử,1,531,42,Nam,Nam,Ví Điện Tử,531,11,4
287,2024-12-05,Điện Thoại,Phụ Kiện,4,1808,54,Nữ,Tây,Tiền Mặt,7232,12,4
288,2024-03-06,Đồng Hồ Thông Minh,Phụ Kiện,4,839,18,Nam,Đông,Tiền Mặt,3356,3,1
289,2024-09-25,Laptop,Phụ Kiện,2,1473,32,Nam,Bắc,Ví Điện Tử,2946,9,3
290,2024-07-24,Laptop,Điện Tử,2,282,54,Nữ,Đông,Ví Điện Tử,564,7,3
291,2024-07-15,Đồng Hồ Thông Minh,Phụ Kiện,4,212,30,Nữ,Tây,Tiền Mặt,848,7,3
292,2024-12-08,Máy Tính Bảng,Phụ Kiện,3,1306,57,Nữ,Tây,Tiền Mặt,3918,12,4
293,2024-07-31,Tai Nghe,Điện Tử,4,580,25,Nam,Nam,Tiền Mặt,2320,7,3
294,2024-04-12,Máy Tính Bảng,Phụ Kiện,2,1269,22,Nam,Bắc,Thẻ Tín Dụng,2538,4,2
295,2024-12-19,Laptop,Phụ Kiện,1,930,26,Nam,Bắc,Tiền Mặt,930,12,4
296,2024-01-15,Laptop,Điện Tử,1,1751,18,Nữ,Tây,Thẻ Tín Dụng,1751,1,1
297,2024-08-24,Đồng Hồ Thông Minh,Điện Tử,3,1236,53,Nữ,Bắc,Ví Điện Tử,3708,8,3
298,2024-10-03,Máy Ảnh,Điện Tử,4,862,52,Nữ,Nam,Ví Điện Tử,3448,10,4
299,2024-11-29,Máy Tính Bảng,Phụ Kiện,1,575,19,Nữ,Đông,Tiền Mặt,575,11,4
300,2024-04-09,Chuột,Phụ Kiện,4,862,57,Nam,Bắc,Ví Điện Tử,3448,4,2
301,2024-04-20,Đồng Hồ Thông Minh,Phụ Kiện,2,1426,40,Nam,Tây,Ví Điện Tử,2852,4,2
302,2024-02-07,Loa,Điện Tử,1,1070,26,Nam,Đông,Ví Điện Tử,1070,2,1
303,2024-04-25,Laptop,Điện Tử,3,1948,51,Nam,Đông,Ví Điện Tử,5844,4,2
304,2024-04-26,Đồng Hồ Thông Minh,Phụ Kiện,2,1119,63,Nữ,Nam,Thẻ Tín Dụng,2238,4,2
305,2024-09-22,Máy Tính Bảng,Phụ Kiện,3,1241,31,Nữ,Tây,Thẻ Tín Dụng,3723,9,3
306,2024-01-02,Laptop,Điện Tử,2,1936,21,Nữ,Bắc,Tiền Mặt,3872,1,1
307,2024-09-27,Tai Nghe,Điện Tử,1,260,47,Nam,Tây,Tiền Mặt,260,9,3
308,2024-09-20,Đồng Hồ Thông Minh,Điện Tử,3,500,48,Nam,Đông,Tiền Mặt,1500,9,3
309,2024-07-20,TV,Điện Tử,3,297,55,Nữ,Tây,Ví Điện Tử,891,7,3
310,2024-06-03,Laptop,Phụ Kiện,2,1383,28,Nữ,Bắc,Ví Điện Tử,2766,6,2
311,2024-12-11,Máy Tính Bảng,Điện Tử,3,759,52,Nam,Bắc,Thẻ Tín Dụng,2277,12,4
312,2024-03-19,Điện Thoại,Phụ Kiện,2,1875,25,Nữ,Nam,Thẻ Tín Dụng,3750,3,1
313,2024-09-07,Chuột,Phụ Kiện,2,1170,20,Nam,Bắc,Tiền Mặt,2340,9,3
314,2024-05-27,Bàn Phím,Phụ Kiện,2,498,31,Nam,Bắc,Thẻ Tín Dụng,996,5,2
315,2024-02-20,Máy Ảnh,Điện Tử,2,1833,30,Nam,Tây,Thẻ Tín Dụng,3666,2,1
316,2024-12-24,Bàn Phím,Điện Tử,1,1682,62,Nữ,Tây,Thẻ Tín Dụng,1682,12,4
317,2024-09-21,Máy Tính Bảng,Điện Tử,2,177,49,Nữ,Đông,Thẻ Tín Dụng,354,9,3
318,2024-10-14,Loa,Điện Tử,4,223,51,Nam,Nam,Thẻ Tín Dụng,892,10,4
319,2024-09-05,Loa,Phụ Kiện,3,174,62,Nữ,Tây,Tiền Mặt,522,9,3
320,2024-01-28,Điện Thoại,Điện Tử,4,1994,36,Nam,Bắc,Tiền Mặt,7976,1,1
321,2024-10-12,Máy Ảnh,Điện Tử,1,236,55,Nam,Đông,Thẻ Tín Dụng,236,10,4
322,2024-12-06,TV,Phụ Kiện,4,701,33,Nam,Tây,Tiền Mặt,2804,12,4
323,2024-06-24,Điện Thoại,Điện Tử,3,1523,19,Nam,Nam,Ví Điện Tử,4569,6,2
324,2024-10-29,Bàn Phím,Phụ Kiện,4,936,57,Nữ,Nam,Thẻ Tín Dụng,3744,10,4
325,2024-04-13,Điện Thoại,Phụ Kiện,1,1628,34,Nam,Đông,Ví Điện Tử,1628,4,2
326,2024-03-11,Bàn Phím,Phụ Kiện,2,599,51,Nam,Đông,Tiền Mặt,1198,3,1
327,2024-01-22,Laptop,Phụ Kiện,4,1696,59,Nữ,Đông,Tiền Mặt,6784,1,1
328,2024-05-23,Loa,Phụ Kiện,1,237,33,Nam,Đông,Ví Điện Tử,237,5,2
329,2024-04-03,Laptop,Phụ Kiện,1,149,55,Nam,Đông,Tiền Mặt,149,4,2
330,2024-11-18,Chuột,Phụ Kiện,3,1894,19,Nữ,Bắc,Thẻ Tín Dụng,5682,11,4
331,2024-09-24,Máy Ảnh,Phụ Kiện,3,1072,19,Nữ,Bắc,Ví Điện Tử,3216,9,3
332,2024-06-01,TV,Điện Tử,4,1742,43,Nữ,Tây,Thẻ Tín Dụng,6968,6,2
333,2024-01-15,Bàn Phím,Điện Tử,2,1748,30,Nam,Nam,Ví Điện Tử,3496,1,1
334,2024-01-08,TV,Điện Tử,1,1985,64,Nữ,Bắc,Tiền Mặt,1985,1,1
335,2024-09-12,Bàn Phím,Điện Tử,4,353,48,Nữ,Bắc,Ví Điện Tử,1412,9,3
336,2024-09-09,Máy Tính Bảng,Phụ Kiện,1,1753,51,Nam,Bắc,Ví Điện Tử,1753,9,3
337,2024-09-25,Điện Thoại,Điện Tử,1,809,56,Nam,Tây,Thẻ Tín Dụng,809,9,3
338,2024-10-27,Chuột,Phụ Kiện,2,1972,20,Nam,Đông,Tiền Mặt,3944,10,4
339,2024-07-23,Loa,Điện Tử,2,662,25,Nam,Tây,Thẻ Tín Dụng,1324,7,3
340,2024-02-22,Bàn Phím,Điện Tử,4,856,40,Nam,Nam,Tiền Mặt,3424,2,1
341,2024-05-02,TV,Điện Tử,2,1549,31,Nữ,Nam,Thẻ Tín Dụng,3098,5,2
342,2024-06-24,Chuột,Phụ Kiện,2,646,44,Nữ,Nam,Ví Điện Tử,1292,6,2
343,2024-09-23,Tai Nghe,Điện Tử,4,1425,46,Nữ,Nam,Thẻ Tín Dụng,5700,9,3
344,2024-11-04,Tai Nghe,Phụ Kiện,2,1021,56,Nam,Bắc,Tiền Mặt,2042,11,4
345,2024-09-24,Laptop,Phụ Kiện,3,680,56,Nam,Bắc,Tiền Mặt,2040,9,3
346,2024-08-20,Loa,Điện Tử,1,1472,18,Nam,Tây,Ví Điện Tử,1472,8,3
347,2024-03-24,Máy Tính Bảng,Điện Tử,1,1955,34,Nữ,Đông,Tiền Mặt,1955,3,1
348,2024-03-23,TV,Điện Tử,1,148,58,Nữ,Nam,Thẻ Tín Dụng,148,3,1
349,2024-10-21,Điện Thoại,Phụ Kiện,1,1016,47,Nam,Tây,Ví Điện Tử,1016,10,4
350,2024-10-02,Điện Thoại,Điện Tử,4,1197,30,Nữ,Bắc,Tiền Mặt,4788,10,4
351,2024-02-14,TV,Phụ Kiện,1,803,38,Nam,Bắc,Tiền Mặt,803,2,1
352,2024-11-17,Máy Ảnh,Phụ Kiện,1,360,36,Nữ,Đông,Thẻ Tín Dụng,360,11,4
353,2024-08-21,Máy Tính Bảng,Điện Tử,1,455,36,Nữ,Đông,Thẻ Tín Dụng,455,8,3
354,2024-07-27,Chuột,Điện Tử,1,1705,42,Nữ,Đông,Ví Điện Tử,1705,7,3
355,2024-12-19,Bàn Phím,Phụ Kiện,3,1725,39,Nam,Tây,Tiền Mặt,5175,12,4
356,2024-03-25,Máy Ảnh,Phụ Kiện,1,1383,48,Nữ,Bắc,Thẻ Tín Dụng,1383,3,1
357,2024-06-02,Bàn Phím,Phụ Kiện,3,737,34,Nữ,Bắc,Ví Điện Tử,2211,6,2
358,2024-08-30,Bàn Phím,Điện Tử,4,842,40,Nam,Đông,Tiền Mặt,3368,8,3
359,2024-12-02,Máy Ảnh,Phụ Kiện,2,1418,49,Nữ,Nam,Tiền Mặt,2836,12,4
360,2024-07-16,Laptop,Điện Tử,1,1109,27,Nam,Đông,Ví Điện Tử,1109,7,3
361,2024-06-10,Tai Nghe,Phụ Kiện,2,1030,27,Nam,Tây,Ví Điện Tử,2060,6,2
362,2024-12-09,Bàn Phím,Phụ Kiện,2,740,53,Nam,Đông,Thẻ Tín Dụng,1480,12,4
363,2024-05-04,Máy Ảnh,Điện Tử,4,891,25,Nam,Đông,Tiền Mặt,3564,5,2
364,2024-02-23,Máy Ảnh,Phụ Kiện,2,1436,37,Nam,Tây,Tiền Mặt,2872,2,1
365,2024-12-23,Đồng Hồ Thông Minh,Điện Tử,3,711,49,Nữ,Đông,Tiền Mặt,2133,12,4
366,2024-06-03,Laptop,Điện Tử,2,1961,31,Nam,Bắc,Ví Điện Tử,3922,6,2
367,2024-02-10,Loa,Phụ Kiện,2,908,45,Nam,Nam,Thẻ Tín Dụng,1816,2,1
368,2024-09-17,Đồng Hồ Thông Minh,Điện Tử,2,1305,63,Nam,Đông,Tiền Mặt,2610,9,3
369,2024-12-02,Đồng Hồ Thông Minh,Điện Tử,1,785,41,Nam,Tây,Ví Điện Tử,785,12,4
370,2024-06-16,TV,Phụ Kiện,1,1951,32,Nữ,Nam,Tiền Mặt,1951,6,2
371,2024-06-14,Tai Nghe,Điện Tử,3,1487,39,Nam,Tây,Thẻ Tín Dụng,4461,6,2
372,2024-07-23,Máy Ảnh,Điện Tử,3,287,47,Nữ,Nam,Tiền Mặt,861,7,3
373,2024-09-23,Tai Nghe,Điện Tử,1,1692,21,Nam,Nam,Thẻ Tín Dụng,1692,9,3
374,2024-07-31,Máy Tính Bảng,Phụ Kiện,3,1666,30,Nữ,Đông,Thẻ Tín Dụng,4998,7,3
375,2024-03-25,TV,Điện Tử,1,1719,40,Nam,Bắc,Tiền Mặt,1719,3,1
376,2024-01-20,Loa,Phụ Kiện,4,1787,25,Nam,Đông,Tiền Mặt,7148,1,1
377,2024-03-01,Tai Nghe,Phụ Kiện,2,1084,35,Nữ,Tây,Thẻ Tín Dụng,2168,3,1
378,2024-10-04,Điện Thoại,Điện Tử,2,647,29,Nam,Tây,Ví Điện Tử,1294,10,4
379,2024-05-30,Bàn Phím,Điện Tử,3,824,48,Nữ,Nam,Thẻ Tín Dụng,2472,5,2
380,2024-01-27,Máy Tính Bảng,Điện Tử,1,1025,31,Nam,Nam,Tiền Mặt,1025,1,1
381,2024-11-01,Laptop,Phụ Kiện,1,1531,51,Nữ,Bắc,Tiền Mặt,1531,11,4
382,2024-10-09,Loa,Điện Tử,3,975,35,Nam,Đông,Ví Điện Tử,2925,10,4
383,2024-03-15,Máy Tính Bảng,Điện Tử,1,717,51,Nam,Tây,Thẻ Tín Dụng,717,3,1
384,2024-07-12,Bàn Phím,Điện Tử,4,513,28,Nữ,Nam,Thẻ Tín Dụng,2052,7,3
385,2024-02-28,TV,Điện Tử,2,1465,58,Nam,Bắc,Thẻ Tín Dụng,2930,2,1
386,2024-04-19,Bàn Phím,Điện Tử,3,1343,29,Nam,Tây,Tiền Mặt,4029,4,2
387,2024-11-03,Đồng Hồ Thông Minh,Phụ Kiện,3,1002,32,Nam,Nam,Thẻ Tín Dụng,3006,11,4
388,2024-09-06,Bàn Phím,Phụ Kiện,1,262,48,Nam,Tây,Ví Điện Tử,262,9,3
389,2024-05-07,Đồng Hồ Thông Minh,Điện Tử,3,1343,46,Nam,Bắc,Tiền Mặt,4029,5,2
390,2024-10-30,TV,Điện Tử,4,369,43,Nam,Bắc,Tiền Mặt,1476,10,4
391,2024-05-29,Chuột,Điện Tử,1,731,35,Nữ,Tây,Thẻ Tín Dụng,731,5,2
392,2024-12-22,Đồng Hồ Thông Minh,Điện Tử,1,1005,49,Nữ,Đông,Ví Điện Tử,1005,12,4
393,2024-09-02,Laptop,Phụ Kiện,1,1971,39,Nữ,Tây,Tiền Mặt,1971,9,3
394,2024-01-01,Bàn Phím,Điện Tử,1,1523,55,Nam,Nam,Tiền Mặt,1523,1,1
395,2024-10-12,Bàn Phím,Phụ Kiện,4,1305,34,Nữ,Đông,Thẻ Tín Dụng,5220,10,4
396,2024-02-04,Laptop,Phụ Kiện,1,1741,40,Nam,Nam,Thẻ Tín Dụng,1741,2,1
397,2024-07-02,Điện Thoại,Điện Tử,3,1852,41,Nam,Tây,Ví Điện Tử,5556,7,3
398,2024-07-08,Máy Ảnh,Phụ Kiện,4,304,25,Nam,Đông,Thẻ Tín Dụng,1216,7,3
399,2024-07-25,Chuột,Phụ Kiện,2,681,58,Nam,Nam,Ví Điện Tử,1362,7,3
400,2024-08-12,Loa,Phụ Kiện,2,1679,23,Nữ,Tây,Tiền Mặt,3358,8,3
401,2024-08-06,Đồng Hồ Thông Minh,Phụ Kiện,3,940,22,Nam,Tây,Ví Điện Tử,2820,8,3
402,2024-02-07,Laptop,Điện Tử,3,1936,61,Nữ,Đông,Ví Điện Tử,5808,2,1
403,2024-08-21,TV,Điện Tử,4,1351,46,Nam,Tây,Ví Điện Tử,5404,8,3
404,2024-12-27,Đồng Hồ Thông Minh,Phụ Kiện,2,1819,45,Nữ,Bắc,Tiền Mặt,3638,12,4
405,2024-03-23,Máy Ảnh,Điện Tử,2,1742,28,Nữ,Nam,Thẻ Tín Dụng,3484,3,1
406,2024-10-31,TV,Điện Tử,2,695,18,Nữ,Nam,Tiền Mặt,1390,10,4
407,2024-11-08,Máy Tính Bảng,Điện Tử,2,1973,60,Nữ,Tây,Thẻ Tín Dụng,3946,11,4
408,2024-07-12,Bàn Phím,Điện Tử,2,349,36,Nữ,Tây,Ví Điện Tử,698,7,3
409,2024-01-29,Máy Tính Bảng,Điện Tử,1,974,26,Nữ,Bắc,Ví Điện Tử,974,1,1
410,2024-01-30,Đồng Hồ Thông Minh,Phụ Kiện,3,1564,44,Nam,Đông,Ví Điện Tử,4692,1,1
411,2024-04-19,Máy Ảnh,Điện Tử,1,1656,51,Nữ,Tây,Ví Điện Tử,1656,4,2
412,2024-10-28,Chuột,Điện Tử,2,295,61,Nam,Tây,Ví Điện Tử,590,10,4
413,2024-01-19,Đồng Hồ Thông Minh,Điện Tử,4,789,21,Nữ,Tây,Thẻ Tín Dụng,3156,1,1
414,2024-11-02,Laptop,Điện Tử,4,1642,53,Nam,Tây,Thẻ Tín Dụng,6568,11,4
415,2024-06-29,Tai Nghe,Phụ Kiện,2,1193,35,Nữ,Nam,Ví Điện Tử,2386,6,2
416,2024-04-06,Đồng Hồ Thông Minh,Phụ Kiện,2,738,32,Nữ,Tây,Tiền Mặt,1476,4,2
417,2024-07-13,Bàn Phím,Phụ Kiện,4,1522,30,Nam,Nam,Tiền Mặt,6088,7,3
418,2024-06-23,Bàn Phím,Phụ Kiện,1,771,36,Nữ,Tây,Ví Điện Tử,771,6,2
419,2024-05-30,Đồng Hồ Thông Minh,Điện Tử,1,1883,23,Nữ,Đông,Thẻ Tín Dụng,1883,5,2
420,2024-05-03,TV,Phụ Kiện,2,1326,29,Nữ,Bắc,Tiền Mặt,2652,5,2
421,2024-08-07,Tai Nghe,Điện Tử,1,1271,54,Nam,Đông,Tiền Mặt,1271,8,3
422,2024-03-09,Laptop,Điện Tử,4,1595,34,Nữ,Tây,Tiền Mặt,6380,3,1
423,2024-12-24,Đồng Hồ Thông Minh,Điện Tử,1,1778,40,Nam,Tây,Ví Điện Tử,1778,12,4
424,2024-01-21,TV,Điện Tử,2,1043,43,Nữ,Tây,Tiền Mặt,2086,1,1
425,2024-01-27,Bàn Phím,Điện Tử,4,298,46,Nữ,Đông,Tiền Mặt,1192,1,1
426,2024-03-17,Bàn Phím,Phụ Kiện,1,1549,50,Nam,Tây,Tiền Mặt,1549,3,1
427,2024-03-24,Máy Ảnh,Phụ Kiện,3,1789,44,Nữ,Đông,Tiền Mặt,5367,3,1
428,2024-08-10,Đồng Hồ Thông Minh,Phụ Kiện,4,591,42,Nữ,Nam,Thẻ Tín Dụng,2364,8,3
429,2024-01-30,Tai Nghe,Phụ Kiện,4,995,27,Nam,Bắc,Ví Điện Tử,3980,1,1
430,2024-02-05,Điện Thoại,Điện Tử,3,241,64,Nữ,Bắc,Ví Điện Tử,723,2,1
431,2024-07-13,Tai Nghe,Phụ Kiện,3,1436,40,Nam,Đông,Thẻ Tín Dụng,4308,7,3
432,2024-06-27,Bàn Phím,Điện Tử,4,264,38,Nam,Nam,Thẻ Tín Dụng,1056,6,2
433,2024-11-27,Bàn Phím,Phụ Kiện,3,413,38,Nam,Đông,Ví Điện Tử,1239,11,4
434,2024-08-03,Máy Tính Bảng,Điện Tử,2,120,60,Nữ,Nam,Tiền Mặt,240,8,3
435,2024-06-27,Bàn Phím,Điện Tử,2,1205,30,Nam,Tây,Tiền Mặt,2410,6,2
436,2024-01-16,Laptop,Phụ Kiện,2,1704,54,Nam,Nam,Ví Điện Tử,3408,1,1
437,2024-06-11,Loa,Điện Tử,4,1254,50,Nữ,Nam,Tiền Mặt,5016,6,2
438,2024-11-25,Đồng Hồ Thông Minh,Điện Tử,3,1722,41,Nam,Nam,Thẻ Tín Dụng,5166,11,4
439,2024-03-07,Tai Nghe,Phụ Kiện,3,1853,61,Nữ,Bắc,Tiền Mặt,5559,3,1
440,2024-05-15,Loa,Điện Tử,1,1083,28,Nữ,Nam,Tiền Mặt,1083,5,2
441,2024-08-29,TV,Phụ Kiện,1,404,34,Nữ,Tây,Tiền Mặt,404,8,3
442,2024-02-04,Điện Thoại,Phụ Kiện,3,470,21,Nữ,Tây,Ví Điện Tử,1410,2,1
443,2024-01-02,Laptop,Phụ Kiện,3,1980,64,Nam,Tây,Thẻ Tín Dụng,5940,1,1
444,2024-04-02,Tai Nghe,Điện Tử,3,952,42,Nam,Nam,Tiền Mặt,2856,4,2
445,2024-05-17,Loa,Điện Tử,4,483,47,Nam,Đông,Ví Điện Tử,1932,5,2
446,2024-05-16,Điện Thoại,Điện Tử,3,544,26,Nam,Đông,Tiền Mặt,1632,5,2
447,2024-12-23,Máy Tính Bảng,Phụ Kiện,1,524,38,Nam,Tây,Thẻ Tín Dụng,524,12,4
448,2024-01-03,Laptop,Điện Tử,4,260,37,Nữ,Bắc,Tiền Mặt,1040,1,1
449,2024-12-28,Laptop,Phụ Kiện,3,1301,36,Nam,Đông,Thẻ Tín Dụng,3903,12,4
450,2024-01-29,Máy Tính Bảng,Phụ Kiện,1,728,36,Nam,Nam,Tiền Mặt,728,1,1
451,2024-06-15,Đồng Hồ Thông Minh,Điện Tử,4,1831,29,Nam,Đông,Thẻ Tín Dụng,7324,6,2
452,2024-12-08,Máy Tính Bảng,Phụ Kiện,3,994,54,Nữ,Tây,Tiền Mặt,2982,12,4
453,2024-02-27,Laptop,Điện Tử,3,589,59,Nữ,Bắc,Thẻ Tín Dụng,1767,2,1
454,2024-06-15,Laptop,Điện Tử,3,1116,34,Nam,Đông,Tiền Mặt,3348,6,2
455,2024-11-21,Loa,Điện Tử,4,426,54,Nữ,Đông,Tiền Mặt,1704,11,4
456,2024-09-17,Bàn Phím,Điện Tử,1,697,56,Nam,Tây,Ví Điện Tử,697,9,3
457,2024-06-18,Điện Thoại,Điện Tử,1,1114,45,Nam,Bắc,Ví Điện Tử,1114,6,2
458,2024-11-03,Máy Tính Bảng,Phụ Kiện,2,388,58,Nữ,Bắc,Thẻ Tín Dụng,776,11,4
459,2024-01-18,Điện Thoại,Phụ Kiện,3,692,52,Nữ,Tây,Tiền Mặt,2076,1,1
460,2024-12-07,Máy Tính Bảng,Phụ Kiện,2,1787,64,Nam,Nam,Thẻ Tín Dụng,3574,12,4
461,2024-09-28,TV,Điện Tử,2,1696,35,Nam,Đông,Ví Điện Tử,3392,9,3
462,2024-12-29,Laptop,Điện Tử,1,672,31,Nữ,Nam,Thẻ Tín Dụng,672,12,4
463,2024-10-06,Bàn Phím,Điện Tử,4,1477,52,Nam,Đông,Thẻ Tín Dụng,5908,10,4
464,2024-07-31,Loa,Phụ Kiện,4,127,61,Nữ,Đông,Ví Điện Tử,508,7,3
465,2024-10-17,Bàn Phím,Điện Tử,1,1053,58,Nam,Nam,Tiền Mặt,1053,10,4
466,2024-01-20,Bàn Phím,Phụ Kiện,4,142,24,Nữ,Tây,Thẻ Tín Dụng,568,1,1
467,2024-09-04,Bàn Phím,Phụ Kiện,2,1804,58,Nam,Tây,Ví Điện Tử,3608,9,3
468,2024-10-06,Điện Thoại,Điện Tử,3,522,30,Nam,Đông,Tiền Mặt,1566,10,4
469,2024-07-18,Máy Tính Bảng,Điện Tử,1,1721,35,Nữ,Tây,Ví Điện Tử,1721,7,3
470,2024-11-24,Chuột,Phụ Kiện,3,276,54,Nam,Đông,Thẻ Tín Dụng,828,11,4
471,2024-11-23,TV,Điện Tử,4,628,30,Nam,Tây,Tiền Mặt,2512,11,4
472,2024-10-02,Tai Nghe,Phụ Kiện,3,1733,53,Nữ,Đông,Tiền Mặt,5199,10,4
473,2024-09-18,Bàn Phím,Điện Tử,4,1065,48,Nam,Tây,Ví Điện Tử,4260,9,3
474,2024-09-25,Đồng Hồ Thông Minh,Điện Tử,4,1617,19,Nam,Bắc,Ví Điện Tử,6468,9,3
475,2024-09-20,Điện Thoại,Phụ Kiện,2,297,33,Nam,Nam,Ví Điện Tử,594,9,3
476,2024-07-07,Loa,Điện Tử,4,709,26,Nữ,Bắc,Tiền Mặt,2836,7,3
477,2024-11-18,Tai Nghe,Phụ Kiện,2,1700,26,Nữ,Nam,Tiền Mặt,3400,11,4
478,2024-11-29,Chuột,Điện Tử,2,941,55,Nữ,Nam,Thẻ Tín Dụng,1882,11,4
479,2024-03-03,Đồng Hồ Thông Minh,Phụ Kiện,2,952,28,Nam,Đông,Tiền Mặt,1904,3,1
480,2024-01-06,Chuột,Phụ Kiện,1,1640,39,Nam,Nam,Thẻ Tín Dụng,1640,1,1
481,2024-07-29,Tai Nghe,Điện Tử,1,1637,50,Nam,Bắc,Ví Điện Tử,1637,7,3
482,2024-08-16,Bàn Phím,Phụ Kiện,4,121,53,Nam,Bắc,Ví Điện Tử,484,8,3
483,2024-12-06,Đồng Hồ Thông Minh,Điện Tử,2,1235,62,Nữ,Tây,Tiền Mặt,2470,12,4
484,2024-12-24,Chuột,Điện Tử,1,1180,40,Nam,Bắc,Ví Điện Tử,1180,12,4
485,2024-12-23,Loa,Điện Tử,2,1189,62,Nam,Tây,Ví Điện Tử,2378,12,4
486,2024-09-25,Máy Tính Bảng,Phụ Kiện,3,941,62,Nam,Nam,Tiền Mặt,2823,9,3
487,2024-04-10,Laptop,Phụ Kiện,3,197,51,Nữ,Bắc,Thẻ Tín Dụng,591,4,2
488,2024-12-07,Máy Tính Bảng,Điện Tử,3,1267,26,Nam,Nam,Tiền Mặt,3801,12,4
489,2024-05-26,Tai Nghe,Điện Tử,4,534,41,Nam,Bắc,Thẻ Tín Dụng,2136,5,2
490,2024-12-12,Điện Thoại,Phụ Kiện,2,736,25,Nam,Bắc,Tiền Mặt,1472,12,4
491,2024-06-26,Laptop,Điện Tử,3,1802,24,Nam,Tây,Tiền Mặt,5406,6,2
492,2024-12-18,TV,Điện Tử,1,1209,53,Nam,Nam,Ví Điện Tử,1209,12,4
493,2024-02-06,Loa,Phụ Kiện,3,687,35,Nữ,Bắc,Tiền Mặt,2061,2,1
494,2024-03-22,TV,Điện Tử,3,443,20,Nam,Đông,Tiền Mặt,1329,3,1
495,2024-09-15,Đồng Hồ Thông Minh,Phụ Kiện,3,1417,45,Nam,Nam,Thẻ Tín Dụng,4251,9,3
496,2024-09-25,Laptop,Điện Tử,4,670,23,Nam,Nam,Ví Điện Tử,2680,9,3
497,2024-06-01,TV,Phụ Kiện,1,1773,61,Nam,Nam,Thẻ Tín Dụng,1773,6,2
498,2024-01-28,TV,Điện Tử,2,710,61,Nam,Tây,Thẻ Tín Dụng,1420,1,1
499,2024-06-23,Chuột,Điện Tử,1,1827,38,Nam,Đông,Ví Điện Tử,1827,6,2
500,2024-10-24,Máy Tính Bảng,Phụ Kiện,2,342,45,Nam,Nam,Ví Điện Tử,684,10,4
501,2024-09-24,Chuột,Điện Tử,4,1954,57,Nam,Bắc,Ví Điện Tử,7816,9,3
502,2024-05-12,Laptop,Phụ Kiện,4,660,18,Nam,Bắc,Tiền Mặt,2640,5,2
503,2024-10-13,Laptop,Điện Tử,4,1059,53,Nam,Tây,Ví Điện Tử,4236,10,4
504,2024-10-07,Tai Nghe,Phụ Kiện,4,131,38,Nữ,Bắc,Ví Điện Tử,524,10,4
505,2024-11-30,Chuột,Phụ Kiện,2,490,60,Nữ,Nam,Ví Điện Tử,980,11,4
506,2024-06-14,Máy Ảnh,Phụ Kiện,3,376,52,Nữ,Bắc,Thẻ Tín Dụng,1128,6,2
507,2024-05-17,Máy Tính Bảng,Phụ Kiện,2,631,30,Nữ,Nam,Thẻ Tín Dụng,1262,5,2
508,2024-05-26,Laptop,Điện Tử,1,1277,27,Nam,Bắc,Tiền Mặt,1277,5,2
509,2024-12-28,Tai Nghe,Điện Tử,4,482,61,Nữ,Đông,Thẻ Tín Dụng,1928,12,4
510,2024-03-16,Chuột,Phụ Kiện,4,1191,64,Nữ,Tây,Tiền Mặt,4764,3,1
511,2024-11-07,Máy Tính Bảng,Phụ Kiện,1,983,27,Nam,Tây,Thẻ Tín Dụng,983,11,4
512,2024-02-27,Chuột,Phụ Kiện,2,313,63,Nữ,Đông,Ví Điện Tử,626,2,1
513,2024-08-12,TV,Điện Tử,3,1778,30,Nữ,Đông,Thẻ Tín Dụng,5334,8,3
514,2024-10-27,Tai Nghe,Điện Tử,3,475,54,Nam,Tây,Tiền Mặt,1425,10,4
515,2024-03-11,Máy Tính Bảng,Điện Tử,1,843,55,Nam,Đông,Thẻ Tín Dụng,843,3,1
516,2024-01-09,Bàn Phím,Điện Tử,3,312,41,Nam,Nam,Ví Điện Tử,936,1,1
517,2024-06-05,Đồng Hồ Thông Minh,Phụ Kiện,2,178,19,Nữ,Bắc,Tiền Mặt,356,6,2
518,2024-09-06,Đồng Hồ Thông Minh,Phụ Kiện,2,1849,39,Nữ,Tây,Ví Điện Tử,3698,9,3
519,2024-11-11,Máy Tính Bảng,Phụ Kiện,1,727,34,Nam,Đông,Ví Điện Tử,727,11,4
520,2024-08-19,Chuột,Điện Tử,2,703,53,Nam,Nam,Tiền Mặt,1406,8,3
521,2024-05-11,Tai Nghe,Điện Tử,4,881,31,Nữ,Tây,Ví Điện Tử,3524,5,2
522,2024-03-05,Đồng Hồ Thông Minh,Điện Tử,1,1504,27,Nam,Đông,Ví Điện Tử,1504,3,1
523,2024-05-21,Tai Nghe,Phụ Kiện,2,1100,52,Nữ,Tây,Thẻ Tín Dụng,2200,5,2
524,2024-10-02,Đồng Hồ Thông Minh,Phụ Kiện,1,779,42,Nam,Đông,Ví Điện Tử,779,10,4
525,2024-12-18,TV,Điện Tử,3,157,20,Nam,Tây,Ví Điện Tử,471,12,4
526,2024-12-08,Chuột,Phụ Kiện,2,1919,64,Nữ,Nam,Ví Điện Tử,3838,12,4
527,2024-01-27,TV,Điện Tử,4,1149,55,Nam,Nam,Ví Điện Tử,4596,1,1
528,2024-12-05,Đồng Hồ Thông Minh,Điện Tử,2,980,34,Nam,Bắc,Tiền Mặt,1960,12,4
529,2024-12-22,Bàn Phím,Phụ Kiện,1,546,29,Nam,Tây,Thẻ Tín Dụng,546,12,4
530,2024-02-15,Bàn Phím,Điện Tử,1,165,41,Nữ,Bắc,Ví Điện Tử,165,2,1
531,2024-12-04,TV,Phụ Kiện,2,1883,46,Nam,Tây,Ví Điện Tử,3766,12,4
532,2024-07-30,Bàn Phím,Điện Tử,4,1377,60,Nam,Đông,Tiền Mặt,5508,7,3
533,2024-06-01,Đồng Hồ Thông Minh,Phụ Kiện,4,1167,42,Nam,Đông,Ví Điện Tử,4668,6,2
534,2024-01-25,Máy Tính Bảng,Phụ Kiện,4,1220,53,Nam,Bắc,Tiền Mặt,4880,1,1
535,2024-04-12,TV,Phụ Kiện,1,1677,43,Nam,Tây,Thẻ Tín Dụng,1677,4,2
536,2024-09-08,Điện Thoại,Điện Tử,2,1111,55,Nam,Bắc,Thẻ Tín Dụng,2222,9,3
537,2024-03-19,Chuột,Điện Tử,3,326,18,Nữ,Nam,Ví Điện Tử,978,3,1
538,2024-03-21,Bàn Phím,Phụ Kiện,1,873,37,Nữ,Bắc,Ví Điện Tử,873,3,1
539,2024-09-24,Bàn Phím,Phụ Kiện,4,778,45,Nam,Bắc,Ví Điện Tử,3112,9,3
540,2024-09-24,Laptop,Điện Tử,2,1559,33,Nữ,Đông,Tiền Mặt,3118,9,3
541,2024-05-25,Máy Ảnh,Điện Tử,4,1914,64,Nữ,Bắc,Ví Điện Tử,7656,5,2
542,2024-04-14,TV,Điện Tử,3,700,34,Nam,Tây,Ví Điện Tử,2100,4,2
543,2024-09-13,Loa,Phụ Kiện,4,478,57,Nữ,Đông,Thẻ Tín Dụng,1912,9,3
544,2024-06-09,Bàn Phím,Điện Tử,4,1301,45,Nữ,Bắc,Ví Điện Tử,5204,6,2
545,2024-04-10,Chuột,Điện Tử,3,1550,29,Nữ,Nam,Thẻ Tín Dụng,4650,4,2
546,2024-06-27,Điện Thoại,Phụ Kiện,2,808,44,Nữ,Bắc,Ví Điện Tử,1616,6,2
547,2024-09-08,Bàn Phím,Điện Tử,1,406,59,Nữ,Bắc,Thẻ Tín Dụng,406,9,3
548,2024-01-20,Điện Thoại,Điện Tử,2,878,64,Nữ,Bắc,Ví Điện Tử,1756,1,1
549,2024-05-21,Đồng Hồ Thông Minh,Điện Tử,3,603,47,Nữ,Đông,Thẻ Tín Dụng,1809,5,2
550,2024-05-08,Đồng Hồ Thông Minh,Phụ Kiện,4,367,58,Nữ,Tây,Tiền Mặt,1468,5,2
551,2024-07-30,Máy Ảnh,Phụ Kiện,2,1709,51,Nam,Nam,Thẻ Tín Dụng,3418,7,3
552,2024-12-30,Máy Tính Bảng,Phụ Kiện,1,107,54,Nam,Bắc,Thẻ Tín Dụng,107,12,4
553,2024-10-17,Loa,Phụ Kiện,3,607,23,Nữ,Tây,Thẻ Tín Dụng,1821,10,4
554,2024-03-18,Laptop,Phụ Kiện,2,575,24,Nữ,Tây,Ví Điện Tử,1150,3,1
555,2024-03-22,Máy Ảnh,Phụ Kiện,1,1420,49,Nam,Đông,Ví Điện Tử,1420,3,1
556,2024-01-26,Tai Nghe,Phụ Kiện,3,263,49,Nữ,Nam,Ví Điện Tử,789,1,1
557,2024-07-03,Laptop,Điện Tử,1,584,42,Nữ,Đông,Tiền Mặt,584,7,3
558,2024-09-22,TV,Điện Tử,3,1720,50,Nam,Tây,Tiền Mặt,5160,9,3
559,2024-03-22,Chuột,Phụ Kiện,4,1195,24,Nam,Tây,Thẻ Tín Dụng,4780,3,1
560,2024-04-30,Tai Nghe,Điện Tử,2,666,29,Nam,Tây,Tiền Mặt,1332,4,2
561,2024-03-01,Tai Nghe,Điện Tử,1,1004,33,Nữ,Đông,Thẻ Tín Dụng,1004,3,1
562,2024-04-25,Máy Ảnh,Phụ Kiện,3,658,33,Nữ,Nam,Thẻ Tín Dụng,1974,4,2
563,2024-08-05,Máy Tính Bảng,Điện Tử,1,337,60,Nam,Bắc,Thẻ Tín Dụng,337,8,3
564,2024-12-27,Máy Ảnh,Điện Tử,1,1227,53,Nam,Đông,Tiền Mặt,1227,12,4
565,2024-05-15,TV,Điện Tử,2,1333,30,Nữ,Tây,Ví Điện Tử,2666,5,2
566,2024-10-05,Bàn Phím,Điện Tử,4,653,24,Nam,Đông,Tiền Mặt,2612,10,4
567,2024-06-08,Bàn Phím,Điện Tử,1,927,53,Nữ,Tây,Thẻ Tín Dụng,927,6,2
568,2024-09-21,Máy Tính Bảng,Phụ Kiện,3,567,64,Nữ,Bắc,Thẻ Tín Dụng,1701,9,3
569,2024-04-22,TV,Phụ Kiện,3,1577,26,Nam,Bắc,Tiền Mặt,4731,4,2
570,2024-06-10,Máy Tính Bảng,Phụ Kiện,4,1391,49,Nam,Nam,Thẻ Tín Dụng,5564,6,2
571,2024-06-06,Điện Thoại,Điện Tử,3,485,28,Nữ,Tây,Thẻ Tín Dụng,1455,6,2
572,2024-07-09,Bàn Phím,Phụ Kiện,4,874,25,Nam,Nam,Tiền Mặt,3496,7,3
573,2024-05-01,Tai Nghe,Điện Tử,3,947,50,Nam,Nam,Tiền Mặt,2841,5,2
574,2024-09-16,Loa,Điện Tử,2,486,40,Nam,Bắc,Tiền Mặt,972,9,3
575,2024-05-04,Chuột,Điện Tử,1,976,42,Nam,Đông,Thẻ Tín Dụng,976,5,2
576,2024-12-14,TV,Điện Tử,2,358,25,Nữ,Đông,Thẻ Tín Dụng,716,12,4
577,2024-01-09,Laptop,Phụ Kiện,1,382,62,Nữ,Nam,Ví Điện Tử,382,1,1
578,2024-12-04,Máy Tính Bảng,Phụ Kiện,1,1749,39,Nữ,Bắc,Ví Điện Tử,1749,12,4
579,2024-05-14,Chuột,Điện Tử,1,1998,21,Nữ,Tây,Tiền Mặt,1998,5,2
580,2024-03-16,Laptop,Phụ Kiện,2,139,57,Nam,Đông,Ví Điện Tử,278,3,1
581,2024-09-16,Chuột,Điện Tử,1,585,20,Nam,Nam,Thẻ Tín Dụng,585,9,3
582,2024-07-24,Loa,Phụ Kiện,2,1028,46,Nữ,Đông,Ví Điện Tử,2056,7,3
583,2024-06-11,Laptop,Phụ Kiện,4,319,58,Nữ,Đông,Thẻ Tín Dụng,1276,6,2
584,2024-10-04,Máy Ảnh,Điện Tử,3,1252,46,Nam,Tây,Tiền Mặt,3756,10,4
585,2024-06-17,Đồng Hồ Thông Minh,Phụ Kiện,3,1114,51,Nữ,Bắc,Tiền Mặt,3342,6,2
586,2024-06-24,Máy Ảnh,Điện Tử,1,1123,51,Nữ,Tây,Thẻ Tín Dụng,1123,6,2
587,2024-12-03,Bàn Phím,Phụ Kiện,2,1643,45,Nam,Bắc,Ví Điện Tử,3286,12,4
588,2024-09-03,Đồng Hồ Thông Minh,Điện Tử,3,712,30,Nữ,Đông,Tiền Mặt,2136,9,3
589,2024-07-10,Máy Ảnh,Điện Tử,2,1027,32,Nam,Nam,Tiền Mặt,2054,7,3
590,2024-02-11,Đồng Hồ Thông Minh,Phụ Kiện,2,787,40,Nam,Tây,Ví Điện Tử,1574,2,1
591,2024-08-05,Đồng Hồ Thông Minh,Phụ Kiện,1,1742,61,Nữ,Bắc,Ví Điện Tử,1742,8,3
592,2024-07-12,Tai Nghe,Điện Tử,3,712,43,Nam,Đông,Thẻ Tín Dụng,2136,7,3
593,2024-01-04,Máy Tính Bảng,Phụ Kiện,1,359,21,Nữ,Bắc,Ví Điện Tử,359,1,1
594,2024-08-13,Máy Tính Bảng,Phụ Kiện,1,1089,43,Nam,Bắc,Ví Điện Tử,1089,8,3
595,2024-12-21,Tai Nghe,Điện Tử,3,1065,57,Nữ,Bắc,Ví Điện Tử,3195,12,4
596,2024-06-01,Chuột,Điện Tử,3,465,26,Nữ,Đông,Thẻ Tín Dụng,1395,6,2
597,2024-05-10,Điện Thoại,Phụ Kiện,4,1881,22,Nữ,Nam,Thẻ Tín Dụng,7524,5,2
598,2024-08-09,Chuột,Điện Tử,4,1910,49,Nam,Nam,Tiền Mặt,7640,8,3
599,2024-07-05,Laptop,Điện Tử,2,643,37,Nam,Nam,Thẻ Tín Dụng,1286,7,3
600,2024-05-02,Laptop,Điện Tử,3,748,28,Nữ,Bắc,Tiền Mặt,2244,5,2
601,2024-08-27,Đồng Hồ Thông Minh,Phụ Kiện,4,1647,32,Nam,Đông,Ví Điện Tử,6588,8,3
602,2024-03-14,Máy Ảnh,Phụ Kiện,2,913,49,Nữ,Bắc,Tiền Mặt,1826,3,1
603,2024-12-28,Máy Ảnh,Điện Tử,2,1139,45,Nữ,Nam,Tiền Mặt,2278,12,4
604,2024-12-19,Máy Tính Bảng,Phụ Kiện,2,1252,39,Nam,Nam,Ví Điện Tử,2504,12,4
605,2024-03-06,TV,Điện Tử,4,674,58,Nữ,Đông,Tiền Mặt,2696,3,1
606,2024-03-14,Chuột,Phụ Kiện,3,1232,34,Nam,Bắc,Thẻ Tín Dụng,3696,3,1
607,2024-10-18,Bàn Phím,Điện Tử,1,1112,43,Nữ,Tây,Thẻ Tín Dụng,1112,10,4
608,2024-09-07,Loa,Điện Tử,2,1656,61,Nam,Tây,Thẻ Tín Dụng,3312,9,3
609,2024-03-20,Máy Ảnh,Phụ Kiện,4,769,24,Nữ,Nam,Thẻ Tín Dụng,3076,3,1
610,2024-04-08,Loa,Điện Tử,4,368,59,Nữ,Đông,Tiền Mặt,1472,4,2
611,2024-12-17,Đồng Hồ Thông Minh,Phụ Kiện,1,1285,43,Nam,Bắc,Tiền Mặt,1285,12,4
612,2024-12-13,Loa,Phụ Kiện,1,1383,42,Nữ,Bắc,Ví Điện Tử,1383,12,4
613,2024-07-09,Bàn Phím,Điện Tử,4,1023,27,Nữ,Nam,Tiền Mặt,4092,7,3
614,2024-07-25,Tai Nghe,Điện Tử,3,1225,62,Nam,Nam,Tiền Mặt,3675,7,3
615,2024-06-15,Bàn Phím,Phụ Kiện,1,1629,36,Nữ,Bắc,Tiền Mặt,1629,6,2
616,2024-05-23,Loa,Điện Tử,4,1858,28,Nam,Bắc,Ví Điện Tử,7432,5,2
617,2024-04-04,Bàn Phím,Điện Tử,1,1694,30,Nữ,Nam,Thẻ Tín Dụng,1694,4,2
618,2024-05-02,Điện Thoại,Điện Tử,3,346,25,Nam,Bắc,Tiền Mặt,1038,5,2
619,2024-03-30,Đồng Hồ Thông Minh,Điện Tử,2,1763,57,Nữ,Tây,Ví Điện Tử,3526,3,1
620,2024-03-21,Chuột,Điện Tử,1,1918,21,Nữ,Nam,Ví Điện Tử,1918,3,1
621,2024-03-25,Tai Nghe,Phụ Kiện,3,1960,64,Nữ,Bắc,Ví Điện Tử,5880,3,1
622,2024-05-11,Máy Ảnh,Phụ Kiện,4,1660,48,Nam,Nam,Thẻ Tín Dụng,6640,5,2
623,2024-07-20,Laptop,Điện Tử,1,230,45,Nam,Đông,Tiền Mặt,230,7,3
624,2024-09-30,Chuột,Điện Tử,1,452,28,Nam,Nam,Ví Điện Tử,452,9,3
625,2024-12-21,Laptop,Điện Tử,4,295,60,Nam,Nam,Thẻ Tín Dụng,1180,12,4
626,2024-08-17,Đồng Hồ Thông Minh,Phụ Kiện,2,1916,18,Nữ,Đông,Ví Điện Tử,3832,8,3
627,2024-03-18,Tai Nghe,Điện Tử,4,1029,64,Nữ,Tây,Ví Điện Tử,4116,3,1
628,2024-02-19,Máy Tính Bảng,Phụ Kiện,1,1789,55,Nam,Bắc,Ví Điện Tử,1789,2,1
629,2024-09-27,Máy Ảnh,Phụ Kiện,4,1505,41,Nam,Đông,Ví Điện Tử,6020,9,3
630,2024-07-14,Điện Thoại,Phụ Kiện,3,1121,64,Nam,Nam,Ví Điện Tử,3363,7,3
631,2024-05-24,Máy Tính Bảng,Điện Tử,4,744,48,Nữ,Bắc,Thẻ Tín Dụng,2976,5,2
632,2024-05-19,Đồng Hồ Thông Minh,Phụ Kiện,1,326,58,Nam,Đông,Tiền Mặt,326,5,2
633,2024-06-24,Chuột,Điện Tử,4,800,63,Nam,Bắc,Tiền Mặt,3200,6,2
634,2024-01-04,Điện Thoại,Phụ Kiện,2,1599,43,Nữ,Bắc,Tiền Mặt,3198,1,1
635,2024-07-06,Bàn Phím,Điện Tử,4,1600,22,Nữ,Đông,Tiền Mặt,6400,7,3
636,2024-07-07,Loa,Phụ Kiện,2,364,37,Nam,Bắc,Thẻ Tín Dụng,728,7,3
637,2024-04-12,Điện Thoại,Điện Tử,3,1495,58,Nữ,Tây,Thẻ Tín Dụng,4485,4,2
638,2024-09-10,Đồng Hồ Thông Minh,Phụ Kiện,2,1609,28,Nam,Đông,Thẻ Tín Dụng,3218,9,3
639,2024-06-22,TV,Điện Tử,4,1557,50,Nữ,Tây,Ví Điện Tử,6228,6,2
640,2024-03-31,Loa,Điện Tử,1,745,55,Nam,Nam,Ví Điện Tử,745,3,1
641,2024-12-10,Laptop,Điện Tử,2,310,44,Nam,Bắc,Ví Điện Tử,620,12,4
642,2024-05-12,Máy Ảnh,Điện Tử,3,1695,51,Nam,Nam,Tiền Mặt,5085,5,2
643,2024-10-12,Laptop,Phụ Kiện,2,1500,32,Nam,Nam,Ví Điện Tử,3000,10,4
644,2024-02-16,Điện Thoại,Phụ Kiện,2,1518,49,Nữ,Bắc,Tiền Mặt,3036,2,1
645,2024-10-09,Laptop,Điện Tử,2,1573,38,Nữ,Đông,Ví Điện Tử,3146,10,4
646,2024-10-02,Đồng Hồ Thông Minh,Phụ Kiện,3,1042,63,Nữ,Bắc,Tiền Mặt,3126,10,4
647,2024-03-17,Bàn Phím,Điện Tử,4,1487,22,Nữ,Nam,Ví Điện Tử,5948,3,1
648,2024-01-11,Chuột,Điện Tử,2,1999,23,Nam,Nam,Ví Điện Tử,3998,1,1
649,2024-03-29,Máy Ảnh,Phụ Kiện,2,556,55,Nam,Đông,Thẻ Tín Dụng,1112,3,1
650,2024-07-13,Laptop,Điện Tử,1,824,39,Nữ,Bắc,Ví Điện Tử,824,7,3
651,2024-11-03,Laptop,Điện Tử,3,1851,35,Nữ,Nam,Ví Điện Tử,5553,11,4
652,2024-07-09,Điện Thoại,Phụ Kiện,2,1349,31,Nữ,Tây,Thẻ Tín Dụng,2698,7,3
653,2024-04-08,Chuột,Điện Tử,3,1081,27,Nữ,Nam,Tiền Mặt,3243,4,2
654,2024-08-20,Máy Tính Bảng,Điện Tử,2,1254,63,Nữ,Nam,Thẻ Tín Dụng,2508,8,3
655,2024-08-06,Laptop,Điện Tử,4,687,30,Nam,Đông,Thẻ Tín Dụng,2748,8,3
656,2024-01-29,Đồng Hồ Thông Minh,Điện Tử,4,575,48,Nam,Tây,Tiền Mặt,2300,1,1
657,2024-04-13,TV,Phụ Kiện,2,1921,47,Nam,Nam,Ví Điện Tử,3842,4,2
658,2024-03-29,Máy Ảnh,Phụ Kiện,4,1085,20,Nữ,Nam,Tiền Mặt,4340,3,1
659,2024-04-01,Laptop,Phụ Kiện,2,1400,47,Nữ,Tây,Ví Điện Tử,2800,4,2
660,2024-06-05,Đồng Hồ Thông Minh,Điện Tử,4,255,23,Nữ,Bắc,Ví Điện Tử,1020,6,2
661,2024-02-20,Đồng Hồ Thông Minh,Điện Tử,1,1883,46,Nữ,Bắc,Tiền Mặt,1883,2,1
662,2024-12-24,Máy Ảnh,Phụ Kiện,1,1341,25,Nam,Nam,Thẻ Tín Dụng,1341,12,4
663,2024-07-17,Máy Tính Bảng,Điện Tử,1,289,61,Nam,Nam,Tiền Mặt,289,7,3
664,2024-08-14,Đồng Hồ Thông Minh,Điện Tử,3,1540,62,Nữ,Bắc,Ví Điện Tử,4620,8,3
665,2024-11-21,TV,Điện Tử,3,1080,60,Nam,Đông,Tiền Mặt,3240,11,4
666,2024-06-29,Đồng Hồ Thông Minh,Điện Tử,1,1798,61,Nam,Tây,Tiền Mặt,1798,6,2
667,2024-07-30,Đồng Hồ Thông Minh,Phụ Kiện,3,1815,50,Nữ,Tây,Ví Điện Tử,5445,7,3
668,2024-06-12,Đồng Hồ Thông Minh,Phụ Kiện,4,645,34,Nữ,Đông,Thẻ Tín Dụng,2580,6,2
669,2024-06-27,Bàn Phím,Phụ Kiện,2,140,28,Nữ,Đông,Tiền Mặt,280,6,2
670,2024-06-24,Bàn Phím,Điện Tử,2,406,30,Nữ,Đông,Ví Điện Tử,812,6,2
671,2024-07-15,Máy Tính Bảng,Phụ Kiện,2,1042,28,Nữ,Đông,Ví Điện Tử,2084,7,3
672,2024-10-20,Laptop,Phụ Kiện,1,437,48,Nữ,Đông,Tiền Mặt,437,10,4
673,2024-01-19,Đồng Hồ Thông Minh,Điện Tử,3,1437,45,Nam,Đông,Thẻ Tín Dụng,4311,1,1
674,2024-02-09,Chuột,Điện Tử,4,1198,61,Nam,Tây,Tiền Mặt,4792,2,1
675,2024-10-21,Laptop,Phụ Kiện,4,1052,23,Nữ,Đông,Thẻ Tín Dụng,4208,10,4
676,2024-07-09,Máy Tính Bảng,Phụ Kiện,1,378,58,Nam,Bắc,Thẻ Tín Dụng,378,7,3
677,2024-11-08,Tai Nghe,Phụ Kiện,4,1299,33,Nữ,Đông,Thẻ Tín Dụng,5196,11,4
678,2024-12-26,Laptop,Phụ Kiện,4,995,21,Nữ,Đông,Thẻ Tín Dụng,3980,12,4
679,2024-10-22,Laptop,Điện Tử,4,1785,52,Nữ,Tây,Tiền Mặt,7140,10,4
680,2024-05-09,Loa,Phụ Kiện,4,372,43,Nữ,Tây,Ví Điện Tử,1488,5,2
681,2024-05-19,Điện Thoại,Phụ Kiện,3,936,29,Nam,Đông,Ví Điện Tử,2808,5,2
682,2024-02-11,Loa,Điện Tử,4,719,28,Nữ,Tây,Ví Điện Tử,2876,2,1
683,2024-12-24,TV,Phụ Kiện,2,1774,54,Nam,Nam,Ví Điện Tử,3548,12,4
684,2024-08-13,Bàn Phím,Điện Tử,1,961,42,Nữ,Tây,Ví Điện Tử,961,8,3
685,2024-01-04,Bàn Phím,Điện Tử,3,1906,35,Nữ,Tây,Ví Điện Tử,5718,1,1
686,2024-05-18,Điện Thoại,Điện Tử,4,1982,36,Nữ,Tây,Tiền Mặt,7928,5,2
687,2024-12-18,Máy Ảnh,Phụ Kiện,3,1030,40,Nam,Tây,Thẻ Tín Dụng,3090,12,4
688,2024-04-13,Máy Ảnh,Phụ Kiện,4,388,55,Nữ,Bắc,Ví Điện Tử,1552,4,2
689,2024-03-11,Máy Tính Bảng,Điện Tử,2,823,35,Nữ,Bắc,Tiền Mặt,1646,3,1
690,2024-12-20,Điện Thoại,Phụ Kiện,1,992,43,Nữ,Bắc,Ví Điện Tử,992,12,4
691,2024-08-09,Laptop,Phụ Kiện,4,371,23,Nam,Đông,Ví Điện Tử,1484,8,3
692,2024-01-18,Máy Ảnh,Điện Tử,4,1189,21,Nam,Đông,Thẻ Tín Dụng,4756,1,1
693,2024-05-09,Đồng Hồ Thông Minh,Điện Tử,4,582,61,Nam,Nam,Thẻ Tín Dụng,2328,5,2
694,2024-08-04,Chuột,Phụ Kiện,4,1035,46,Nữ,Bắc,Thẻ Tín Dụng,4140,8,3
695,2024-07-22,Laptop,Điện Tử,1,347,51,Nam,Đông,Ví Điện Tử,347,7,3
696,2024-06-30,TV,Phụ Kiện,1,255,34,Nữ,Tây,Ví Điện Tử,255,6,2
697,2024-07-15,Đồng Hồ Thông Minh,Phụ Kiện,2,1170,60,Nam,Tây,Ví Điện Tử,2340,7,3
698,2024-07-25,Đồng Hồ Thông Minh,Phụ Kiện,1,553,60,Nam,Bắc,Thẻ Tín Dụng,553,7,3
699,2024-01-06,Điện Thoại,Phụ Kiện,4,300,33,Nữ,Nam,Tiền Mặt,1200,1,1
700,2024-07-03,Máy Tính Bảng,Điện Tử,2,1783,19,Nam,Nam,Ví Điện Tử,3566,7,3
701,2024-01-21,TV,Điện Tử,2,223,51,Nữ,Tây,Ví Điện Tử,446,1,1
702,2024-12-22,Máy Ảnh,Điện Tử,2,100,25,Nữ,Nam,Ví Điện Tử,200,12,4
703,2024-08-24,Điện Thoại,Điện Tử,4,1067,30,Nam,Bắc,Tiền Mặt,4268,8,3
704,2024-06-17,Máy Ảnh,Phụ Kiện,3,1882,59,Nữ,Tây,Ví Điện Tử,5646,6,2
705,2024-01-01,Điện Thoại,Phụ Kiện,4,954,25,Nữ,Đông,Tiền Mặt,3816,1,1
706,2024-03-20,Điện Thoại,Điện Tử,1,739,47,Nam,Đông,Ví Điện Tử,739,3,1
707,2024-01-16,Điện Thoại,Phụ Kiện,1,290,49,Nam,Nam,Tiền Mặt,290,1,1
708,2024-09-09,Máy Tính Bảng,Phụ Kiện,4,1702,53,Nữ,Tây,Ví Điện Tử,6808,9,3
709,2024-07-01,Điện Thoại,Phụ Kiện,4,615,64,Nam,Tây,Thẻ Tín Dụng,2460,7,3
710,2024-10-21,Tai Nghe,Điện Tử,2,541,47,Nữ,Đông,Thẻ Tín Dụng,1082,10,4
711,2024-05-10,Chuột,Điện Tử,4,1938,18,Nữ,Tây,Thẻ Tín Dụng,7752,5,2
712,2024-06-11,Máy Ảnh,Điện Tử,2,1929,60,Nam,Tây,Thẻ Tín Dụng,3858,6,2
713,2024-03-26,Laptop,Phụ Kiện,1,242,56,Nam,Tây,Ví Điện Tử,242,3,1
714,2024-12-15,Loa,Điện Tử,2,1314,34,Nam,Nam,Thẻ Tín Dụng,2628,12,4
715,2024-03-20,TV,Điện Tử,4,632,37,Nam,Tây,Tiền Mặt,2528,3,1
716,2024-08-27,Bàn Phím,Điện Tử,1,326,41,Nữ,Bắc,Thẻ Tín Dụng,326,8,3
717,2024-02-07,Máy Tính Bảng,Điện Tử,3,1436,39,Nữ,Nam,Thẻ Tín Dụng,4308,2,1
718,2024-09-30,Laptop,Điện Tử,2,1752,46,Nam,Tây,Thẻ Tín Dụng,3504,9,3
719,2024-11-09,Đồng Hồ Thông Minh,Điện Tử,1,1048,39,Nam,Tây,Ví Điện Tử,1048,11,4
720,2024-12-24,Tai Nghe,Phụ Kiện,2,1425,61,Nữ,Bắc,Thẻ Tín Dụng,2850,12,4
721,2024-11-21,Bàn Phím,Phụ Kiện,1,1777,26,Nữ,Nam,Tiền Mặt,1777,11,4
722,2024-09-05,Loa,Điện Tử,1,559,54,Nữ,Đông,Thẻ Tín Dụng,559,9,3
723,2024-01-30,Laptop,Điện Tử,2,1524,27,Nữ,Đông,Thẻ Tín Dụng,3048,1,1
724,2024-04-03,Bàn Phím,Phụ Kiện,3,650,53,Nam,Nam,Thẻ Tín Dụng,1950,4,2
725,2024-01-17,Laptop,Phụ Kiện,1,492,54,Nữ,Tây,Tiền Mặt,492,1,1
726,2024-06-06,Tai Nghe,Điện Tử,1,1990,45,Nữ,Tây,Thẻ Tín Dụng,1990,6,2
727,2024-02-26,Loa,Điện Tử,1,1887,45,Nam,Đông,Tiền Mặt,1887,2,1
728,2024-11-23,Đồng Hồ Thông Minh,Điện Tử,3,944,59,Nữ,Đông,Tiền Mặt,2832,11,4
729,2024-06-06,Điện Thoại,Điện Tử,3,1330,60,Nữ,Đông,Thẻ Tín Dụng,3990,6,2
730,2024-08-27,Máy Ảnh,Phụ Kiện,4,309,38,Nam,Bắc,Tiền Mặt,1236,8,3
731,2024-02-19,Đồng Hồ Thông Minh,Điện Tử,2,1238,41,Nam,Đông,Ví Điện Tử,2476,2,1
732,2024-04-04,Điện Thoại,Điện Tử,3,1860,59,Nam,Bắc,Thẻ Tín Dụng,5580,4,2
733,2024-09-25,Máy Tính Bảng,Điện Tử,2,745,57,Nữ,Nam,Thẻ Tín Dụng,1490,9,3
734,2024-09-27,Chuột,Điện Tử,4,1374,19,Nữ,Tây,Tiền Mặt,5496,9,3
735,2024-07-05,TV,Phụ Kiện,2,318,25,Nam,Đông,Tiền Mặt,636,7,3
736,2024-11-05,TV,Phụ Kiện,3,506,44,Nam,Tây,Thẻ Tín Dụng,1518,11,4
737,2024-10-27,Máy Ảnh,Phụ Kiện,2,1566,39,Nữ,Tây,Ví Điện Tử,3132,10,4
738,2024-02-26,Loa,Điện Tử,3,1726,54,Nam,Đông,Tiền Mặt,5178,2,1
739,2024-07-20,Tai Nghe,Điện Tử,2,1477,44,Nam,Đông,Tiền Mặt,2954,7,3
740,2024-07-23,Loa,Phụ Kiện,3,987,46,Nam,Nam,Ví Điện Tử,2961,7,3
741,2024-11-03,Tai Nghe,Điện Tử,3,657,20,Nữ,Bắc,Ví Điện Tử,1971,11,4
742,2024-10-14,Loa,Điện Tử,2,649,61,Nữ,Bắc,Thẻ Tín Dụng,1298,10,4
743,2024-06-16,Chuột,Phụ Kiện,4,241,30,Nữ,Tây,Ví Điện Tử,964,6,2
744,2024-03-28,Máy Tính Bảng,Phụ Kiện,1,711,62,Nữ,Đông,Thẻ Tín Dụng,711,3,1
745,2024-08-15,Máy Tính Bảng,Phụ Kiện,4,600,27,Nữ,Nam,Ví Điện Tử,2400,8,3
746,2024-08-20,Điện Thoại,Phụ Kiện,2,939,53,Nữ,Nam,Tiền Mặt,1878,8,3
747,2024-08-07,Bàn Phím,Điện Tử,4,801,26,Nam,Nam,Thẻ Tín Dụng,3204,8,3
748,2024-02-10,Máy Tính Bảng,Điện Tử,3,1670,44,Nữ,Nam,Thẻ Tín Dụng,5010,2,1
749,2024-01-08,Máy Tính Bảng,Phụ Kiện,1,1782,51,Nữ,Nam,Thẻ Tín Dụng,1782,1,1
750,2024-08-10,Đồng Hồ Thông Minh,Điện Tử,2,1665,18,Nam,Bắc,Ví Điện Tử,3330,8,3
751,2024-04-26,Đồng Hồ Thông Minh,Phụ Kiện,2,1969,49,Nữ,Bắc,Tiền Mặt,3938,4,2
752,2024-12-26,Điện Thoại,Phụ Kiện,2,1630,42,Nữ,Bắc,Thẻ Tín Dụng,3260,12,4
753,2024-04-24,Bàn Phím,Điện Tử,1,695,46,Nam,Đông,Thẻ Tín Dụng,695,4,2
754,2024-09-30,Máy Ảnh,Phụ Kiện,3,380,24,Nam,Tây,Thẻ Tín Dụng,1140,9,3
755,2024-05-23,Đồng Hồ Thông Minh,Điện Tử,2,523,20,Nam,Nam,Thẻ Tín Dụng,1046,5,2
756,2024-12-15,Máy Ảnh,Điện Tử,4,955,37,Nữ,Đông,Tiền Mặt,3820,12,4
757,2024-06-24,Laptop,Điện Tử,2,369,37,Nam,Nam,Ví Điện Tử,738,6,2
758,2024-02-09,Đồng Hồ Thông Minh,Điện Tử,2,253,47,Nữ,Bắc,Tiền Mặt,506,2,1
759,2024-08-02,Chuột,Phụ Kiện,2,713,52,Nữ,Đông,Thẻ Tín Dụng,1426,8,3
760,2024-01-05,Bàn Phím,Điện Tử,2,1850,52,Nữ,Bắc,Tiền Mặt,3700,1,1
761,2024-01-02,Điện Thoại,Phụ Kiện,3,761,56,Nữ,Nam,Thẻ Tín Dụng,2283,1,1
762,2024-12-18,Laptop,Phụ Kiện,4,182,44,Nam,Nam,Ví Điện Tử,728,12,4
763,2024-01-12,Bàn Phím,Phụ Kiện,3,1745,43,Nam,Tây,Ví Điện Tử,5235,1,1
764,2024-12-04,Chuột,Phụ Kiện,4,1046,31,Nữ,Nam,Ví Điện Tử,4184,12,4
765,2024-12-19,Bàn Phím,Điện Tử,2,998,34,Nam,Bắc,Thẻ Tín Dụng,1996,12,4
766,2024-07-21,Chuột,Điện Tử,1,1549,35,Nữ,Nam,Tiền Mặt,1549,7,3
767,2024-08-03,Chuột,Phụ Kiện,3,1398,62,Nữ,Tây,Ví Điện Tử,4194,8,3
768,2024-03-14,Máy Ảnh,Phụ Kiện,1,1836,46,Nữ,Tây,Thẻ Tín Dụng,1836,3,1
769,2024-02-28,Loa,Điện Tử,3,383,37,Nam,Bắc,Thẻ Tín Dụng,1149,2,1
770,2024-12-16,Laptop,Phụ Kiện,2,1079,44,Nữ,Đông,Tiền Mặt,2158,12,4
771,2024-06-17,Bàn Phím,Điện Tử,3,272,35,Nữ,Nam,Ví Điện Tử,816,6,2
772,2024-02-06,Tai Nghe,Phụ Kiện,2,1450,21,Nam,Tây,Thẻ Tín Dụng,2900,2,1
773,2024-05-24,Laptop,Điện Tử,3,1841,18,Nam,Nam,Tiền Mặt,5523,5,2
774,2024-08-18,Loa,Phụ Kiện,2,1186,18,Nam,Nam,Ví Điện Tử,2372,8,3
775,2024-07-21,Laptop,Phụ Kiện,2,1196,43,Nam,Đông,Tiền Mặt,2392,7,3
776,2024-09-17,Máy Tính Bảng,Điện Tử,4,862,62,Nữ,Tây,Tiền Mặt,3448,9,3
777,2024-02-26,Tai Nghe,Phụ Kiện,2,1759,37,Nam,Nam,Thẻ Tín Dụng,3518,2,1
778,2024-12-19,Loa,Phụ Kiện,4,1498,40,Nữ,Tây,Thẻ Tín Dụng,5992,12,4
779,2024-02-11,Máy Ảnh,Điện Tử,2,732,27,Nam,Bắc,Thẻ Tín Dụng,1464,2,1
780,2024-04-25,Bàn Phím,Phụ Kiện,1,1631,28,Nam,Bắc,Tiền Mặt,1631,4,2
781,2024-07-08,TV,Điện Tử,2,886,58,Nam,Nam,Thẻ Tín Dụng,1772,7,3
782,2024-08-07,Loa,Điện Tử,1,1042,58,Nam,Tây,Tiền Mặt,1042,8,3
783,2024-12-20,Điện Thoại,Phụ Kiện,1,1111,22,Nam,Nam,Tiền Mặt,1111,12,4
784,2024-08-10,Bàn Phím,Phụ Kiện,2,497,18,Nam,Tây,Thẻ Tín Dụng,994,8,3
785,2024-09-16,Loa,Phụ Kiện,1,1243,34,Nữ,Tây,Ví Điện Tử,1243,9,3
786,2024-04-06,Máy Tính Bảng,Phụ Kiện,4,1033,39,Nam,Đông,Ví Điện Tử,4132,4,2
787,2024-09-09,TV,Phụ Kiện,3,1560,51,Nam,Đông,Ví Điện Tử,4680,9,3
788,2024-08-28,Máy Tính Bảng,Phụ Kiện,2,1952,62,Nam,Đông,Tiền Mặt,3904,8,3
789,2024-02-16,TV,Phụ Kiện,1,775,58,Nam,Nam,Tiền Mặt,775,2,1
790,2024-11-25,Điện Thoại,Điện Tử,2,1035,46,Nữ,Đông,Tiền Mặt,2070,11,4
791,2024-11-15,Bàn Phím,Phụ Kiện,4,564,21,Nam,Đông,Thẻ Tín Dụng,2256,11,4
792,2024-07-31,Máy Ảnh,Điện Tử,2,385,22,Nam,Bắc,Tiền Mặt,770,7,3
793,2024-03-28,Máy Tính Bảng,Phụ Kiện,2,364,28,Nam,Tây,Thẻ Tín Dụng,728,3,1
794,2024-04-26,Máy Tính Bảng,Phụ Kiện,1,419,38,Nam,Tây,Thẻ Tín Dụng,419,4,2
795,2024-03-22,Chuột,Điện Tử,4,772,52,Nữ,Đông,Ví Điện Tử,3088,3,1
796,2024-01-15,TV,Phụ Kiện,3,1499,29,Nam,Tây,Ví Điện Tử,4497,1,1
797,2024-12-20,Đồng Hồ Thông Minh,Phụ Kiện,3,919,43,Nữ,Bắc,Ví Điện Tử,2757,12,4
798,2024-02-15,Bàn Phím,Điện Tử,1,188,36,Nam,Bắc,Thẻ Tín Dụng,188,2,1
799,2024-09-27,TV,Phụ Kiện,2,1777,62,Nữ,Đông,Thẻ Tín Dụng,3554,9,3
800,2024-08-02,Chuột,Phụ Kiện,1,1326,24,Nữ,Bắc,Thẻ Tín Dụng,1326,8,3
801,2024-06-07,Laptop,Phụ Kiện,1,920,64,Nam,Tây,Tiền Mặt,920,6,2
802,2024-04-08,TV,Điện Tử,1,1862,24,Nam,Nam,Thẻ Tín Dụng,1862,4,2
803,2024-10-29,Máy Ảnh,Phụ Kiện,2,1100,43,Nữ,Tây,Ví Điện Tử,2200,10,4
804,2024-06-24,Bàn Phím,Phụ Kiện,4,433,57,Nữ,Nam,Ví Điện Tử,1732,6,2
805,2024-08-05,Chuột,Phụ Kiện,1,321,22,Nam,Đông,Thẻ Tín Dụng,321,8,3
806,2024-12-14,Laptop,Phụ Kiện,2,140,38,Nữ,Nam,Thẻ Tín Dụng,280,12,4
807,2024-02-04,Tai Nghe,Điện Tử,4,1831,31,Nữ,Bắc,Ví Điện Tử,7324,2,1
808,2024-07-08,Chuột,Điện Tử,1,167,21,Nữ,Tây,Thẻ Tín Dụng,167,7,3
809,2024-06-22,Tai Nghe,Phụ Kiện,3,1087,40,Nam,Nam,Ví Điện Tử,3261,6,2
810,2024-02-11,Bàn Phím,Phụ Kiện,4,1899,59,Nữ,Tây,Tiền Mặt,7596,2,1
811,2024-04-26,Máy Tính Bảng,Điện Tử,1,613,37,Nữ,Đông,Ví Điện Tử,613,4,2
812,2024-05-15,Chuột,Điện Tử,4,1996,32,Nữ,Đông,Tiền Mặt,7984,5,2
813,2024-12-04,Điện Thoại,Phụ Kiện,4,1760,62,Nam,Bắc,Thẻ Tín Dụng,7040,12,4
814,2024-07-01,Tai Nghe,Điện Tử,4,1745,46,Nam,Đông,Thẻ Tín Dụng,6980,7,3
815,2024-04-06,Máy Ảnh,Phụ Kiện,4,1721,25,Nữ,Nam,Tiền Mặt,6884,4,2
816,2024-12-19,Điện Thoại,Điện Tử,4,1755,58,Nam,Đông,Thẻ Tín Dụng,7020,12,4
817,2024-09-04,Loa,Điện Tử,4,1250,36,Nữ,Bắc,Tiền Mặt,5000,9,3
818,2024-07-26,Loa,Điện Tử,1,1378,56,Nam,Tây,Thẻ Tín Dụng,1378,7,3
819,2024-07-30,Laptop,Điện Tử,3,794,63,Nam,Tây,Ví Điện Tử,2382,7,3
820,2024-07-23,Máy Tính Bảng,Phụ Kiện,2,1139,45,Nữ,Đông,Thẻ Tín Dụng,2278,7,3
821,2024-01-06,Bàn Phím,Điện Tử,4,576,63,Nam,Nam,Ví Điện Tử,2304,1,1
822,2024-12-03,Chuột,Điện Tử,2,1185,44,Nam,Bắc,Ví Điện Tử,2370,12,4
823,2024-07-15,Đồng Hồ Thông Minh,Phụ Kiện,1,980,21,Nam,Nam,Tiền Mặt,980,7,3
824,2024-05-25,Máy Ảnh,Điện Tử,4,531,32,Nữ,Bắc,Thẻ Tín Dụng,2124,5,2
825,2024-04-09,Tai Nghe,Điện Tử,3,1793,52,Nam,Đông,Tiền Mặt,5379,4,2
826,2024-09-04,Bàn Phím,Phụ Kiện,2,367,54,Nam,Bắc,Thẻ Tín Dụng,734,9,3
827,2024-06-10,Điện Thoại,Điện Tử,4,1158,18,Nữ,Bắc,Ví Điện Tử,4632,6,2
828,2024-07-16,Loa,Phụ Kiện,1,878,20,Nam,Đông,Ví Điện Tử,878,7,3
829,2024-09-06,Máy Ảnh,Phụ Kiện,3,1699,64,Nam,Nam,Thẻ Tín Dụng,5097,9,3
830,2024-05-30,Đồng Hồ Thông Minh,Phụ Kiện,2,593,41,Nam,Đông,Thẻ Tín Dụng,1186,5,2
831,2024-01-20,Chuột,Phụ Kiện,2,1685,44,Nam,Bắc,Tiền Mặt,3370,1,1
832,2024-12-10,Laptop,Điện Tử,4,1592,57,Nam,Đông,Thẻ Tín Dụng,6368,12,4
833,2024-04-10,Đồng Hồ Thông Minh,Phụ Kiện,3,1890,53,Nữ,Bắc,Thẻ Tín Dụng,5670,4,2
834,2024-02-09,Máy Ảnh,Điện Tử,3,760,51,Nữ,Đông,Thẻ Tín Dụng,2280,2,1
835,2024-10-10,Đồng Hồ Thông Minh,Điện Tử,3,1448,46,Nam,Tây,Tiền Mặt,4344,10,4
836,2024-02-26,Máy Ảnh,Điện Tử,3,1427,41,Nam,Tây,Thẻ Tín Dụng,4281,2,1
837,2024-09-04,Máy Ảnh,Điện Tử,1,1399,41,Nam,Đông,Ví Điện Tử,1399,9,3
838,2024-04-23,TV,Điện Tử,3,1992,59,Nữ,Nam,Tiền Mặt,5976,4,2
839,2024-01-09,Tai Nghe,Điện Tử,2,1807,21,Nữ,Bắc,Tiền Mặt,3614,1,1
840,2024-11-13,Loa,Điện Tử,2,1112,20,Nam,Tây,Ví Điện Tử,2224,11,4
841,2024-02-24,TV,Điện Tử,1,1324,51,Nam,Nam,Ví Điện Tử,1324,2,1
842,2024-01-03,Chuột,Điện Tử,2,1568,40,Nữ,Bắc,Ví Điện Tử,3136,1,1
843,2024-03-11,TV,Điện Tử,2,1447,40,Nam,Tây,Thẻ Tín Dụng,2894,3,1
844,2024-01-27,Máy Tính Bảng,Phụ Kiện,3,1158,62,Nữ,Tây,Ví Điện Tử,3474,1,1
845,2024-03-28,Máy Tính Bảng,Phụ Kiện,2,1076,22,Nữ,Đông,Thẻ Tín Dụng,2152,3,1
846,2024-03-19,Loa,Phụ Kiện,1,581,48,Nam,Bắc,Tiền Mặt,581,3,1
847,2024-03-05,Đồng Hồ Thông Minh,Điện Tử,3,827,58,Nữ,Nam,Tiền Mặt,2481,3,1
848,2024-04-04,Tai Nghe,Phụ Kiện,4,579,23,Nam,Nam,Ví Điện Tử,2316,4,2
849,2024-04-25,Loa,Phụ Kiện,3,1188,54,Nam,Nam,Thẻ Tín Dụng,3564,4,2
850,2024-07-23,Máy Ảnh,Phụ Kiện,1,1131,27,Nam,Bắc,Ví Điện Tử,1131,7,3
851,2024-05-17,Điện Thoại,Điện Tử,3,1424,57,Nam,Nam,Ví Điện Tử,4272,5,2
852,2024-04-05,Tai Nghe,Điện Tử,3,442,24,Nam,Nam,Thẻ Tín Dụng,1326,4,2
853,2024-09-23,Tai Nghe,Điện Tử,1,1554,56,Nam,Nam,Ví Điện Tử,1554,9,3
854,2024-06-18,Máy Ảnh,Điện Tử,3,1547,55,Nữ,Đông,Tiền Mặt,4641,6,2
855,2024-09-02,Máy Ảnh,Phụ Kiện,1,431,38,Nữ,Đông,Ví Điện Tử,431,9,3
856,2024-09-14,Laptop,Phụ Kiện,1,537,37,Nữ,Bắc,Thẻ Tín Dụng,537,9,3
857,2024-07-27,Loa,Phụ Kiện,4,1711,20,Nữ,Bắc,Thẻ Tín Dụng,6844,7,3
858,2024-07-03,Máy Ảnh,Phụ Kiện,2,273,39,Nam,Nam,Tiền Mặt,546,7,3
859,2024-03-13,Máy Tính Bảng,Điện Tử,2,658,64,Nữ,Đông,Thẻ Tín Dụng,1316,3,1
860,2024-09-09,Chuột,Điện Tử,3,626,21,Nữ,Tây,Thẻ Tín Dụng,1878,9,3
861,2024-07-14,Điện Thoại,Điện Tử,3,1996,45,Nữ,Tây,Tiền Mặt,5988,7,3
862,2024-04-05,Loa,Phụ Kiện,4,758,29,Nam,Nam,Ví Điện Tử,3032,4,2
863,2024-07-22,Bàn Phím,Điện Tử,4,125,55,Nữ,Nam,Tiền Mặt,500,7,3
864,2024-03-19,Máy Tính Bảng,Điện Tử,4,919,53,Nam,Đông,Ví Điện Tử,3676,3,1
865,2024-10-20,Đồng Hồ Thông Minh,Phụ Kiện,1,704,64,Nữ,Đông,Tiền Mặt,704,10,4
866,2024-08-31,Máy Ảnh,Phụ Kiện,4,505,58,Nam,Đông,Ví Điện Tử,2020,8,3
867,2024-09-10,Bàn Phím,Điện Tử,4,331,22,Nam,Bắc,Tiền Mặt,1324,9,3
868,2024-03-31,Máy Ảnh,Điện Tử,3,632,30,Nữ,Bắc,Ví Điện Tử,1896,3,1
869,2024-10-30,Tai Nghe,Điện Tử,4,1942,40,Nam,Nam,Tiền Mặt,7768,10,4
870,2024-05-30,Máy Tính Bảng,Điện Tử,1,1673,47,Nam,Bắc,Ví Điện Tử,1673,5,2
871,2024-05-10,Tai Nghe,Điện Tử,1,1911,54,Nữ,Đông,Tiền Mặt,1911,5,2
872,2024-01-31,Laptop,Điện Tử,3,604,42,Nữ,Đông,Thẻ Tín Dụng,1812,1,1
873,2024-08-09,Tai Nghe,Phụ Kiện,4,1792,44,Nữ,Bắc,Ví Điện Tử,7168,8,3
874,2024-05-25,Laptop,Phụ Kiện,4,278,31,Nam,Tây,Tiền Mặt,1112,5,2
875,2024-06-02,Laptop,Phụ Kiện,1,231,64,Nam,Nam,Ví Điện Tử,231,6,2
876,2024-09-22,Bàn Phím,Điện Tử,4,1946,53,Nam,Tây,Ví Điện Tử,7784,9,3
877,2024-12-24,Máy Ảnh,Phụ Kiện,4,1578,56,Nữ,Nam,Tiền Mặt,6312,12,4
878,2024-06-23,Đồng Hồ Thông Minh,Điện Tử,4,447,33,Nam,Tây,Ví Điện Tử,1788,6,2
879,2024-03-19,Tai Nghe,Điện Tử,2,639,39,Nam,Bắc,Tiền Mặt,1278,3,1
880,2024-02-11,Máy Tính Bảng,Phụ Kiện,3,871,38,Nam,Nam,Thẻ Tín Dụng,2613,2,1
881,2024-08-25,Laptop,Điện Tử,2,1529,38,Nam,Nam,Ví Điện Tử,3058,8,3
882,2024-07-11,Máy Ảnh,Điện Tử,3,175,25,Nam,Nam,Thẻ Tín Dụng,525,7,3
883,2024-02-05,Điện Thoại,Phụ Kiện,1,678,33,Nam,Đông,Ví Điện Tử,678,2,1
884,2024-08-03,Loa,Phụ Kiện,4,953,48,Nam,Đông,Ví Điện Tử,3812,8,3
885,2024-12-10,Bàn Phím,Phụ Kiện,3,1615,59,Nữ,Tây,Ví Điện Tử,4845,12,4
886,2024-08-10,Đồng Hồ Thông Minh,Điện Tử,2,293,27,Nữ,Bắc,Tiền Mặt,586,8,3
887,2024-01-17,TV,Phụ Kiện,4,1285,49,Nữ,Đông,Thẻ Tín Dụng,5140,1,1
888,2024-01-17,Bàn Phím,Phụ Kiện,1,446,51,Nam,Nam,Ví Điện Tử,446,1,1
889,2024-05-19,Điện Thoại,Điện Tử,3,1050,26,Nam,Đông,Tiền Mặt,3150,5,2
890,2024-12-24,Loa,Phụ Kiện,3,1484,34,Nữ,Bắc,Ví Điện Tử,4452,12,4
891,2024-06-11,Điện Thoại,Phụ Kiện,3,1892,28,Nam,Đông,Tiền Mặt,5676,6,2
892,2024-01-11,Tai Nghe,Phụ Kiện,4,1707,49,Nữ,Nam,Ví Điện Tử,6828,1,1
893,2024-12-31,Laptop,Điện Tử,2,1210,27,Nam,Tây,Thẻ Tín Dụng,2420,12,4
894,2024-09-16,Đồng Hồ Thông Minh,Điện Tử,2,1385,39,Nam,Nam,Thẻ Tín Dụng,2770,9,3
895,2024-11-10,Chuột,Điện Tử,3,313,34,Nữ,Bắc,Ví Điện Tử,939,11,4
896,2024-10-25,Laptop,Điện Tử,1,1788,21,Nữ,Tây,Tiền Mặt,1788,10,4
897,2024-06-08,Chuột,Phụ Kiện,1,1845,64,Nữ,Đông,Ví Điện Tử,1845,6,2
898,2024-11-17,Loa,Điện Tử,2,672,42,Nữ,Đông,Tiền Mặt,1344,11,4
899,2024-10-31,Máy Ảnh,Điện Tử,1,879,38,Nữ,Đông,Ví Điện Tử,879,10,4
900,2024-02-09,TV,Phụ Kiện,2,361,54,Nam,Tây,Tiền Mặt,722,2,1
901,2024-08-19,Máy Tính Bảng,Phụ Kiện,3,829,55,Nam,Nam,Thẻ Tín Dụng,2487,8,3
902,2024-05-01,Laptop,Phụ Kiện,2,382,18,Nam,Tây,Ví Điện Tử,764,5,2
903,2024-02-28,Đồng Hồ Thông Minh,Điện Tử,2,1771,42,Nữ,Tây,Thẻ Tín Dụng,3542,2,1
904,2024-11-20,Điện Thoại,Điện Tử,3,1590,53,Nữ,Bắc,Thẻ Tín Dụng,4770,11,4
905,2024-12-12,Đồng Hồ Thông Minh,Điện Tử,1,1503,34,Nữ,Tây,Ví Điện Tử,1503,12,4
906,2024-03-28,Loa,Phụ Kiện,2,461,58,Nữ,Đông,Ví Điện Tử,922,3,1
907,2024-05-17,Chuột,Phụ Kiện,2,1572,41,Nữ,Nam,Tiền Mặt,3144,5,2
908,2024-01-25,Điện Thoại,Điện Tử,3,540,19,Nữ,Nam,Tiền Mặt,1620,1,1
909,2024-08-14,Máy Tính Bảng,Phụ Kiện,1,192,57,Nam,Nam,Thẻ Tín Dụng,192,8,3
910,2024-12-20,Máy Tính Bảng,Phụ Kiện,2,1744,32,Nam,Đông,Tiền Mặt,3488,12,4
911,2024-09-13,Laptop,Phụ Kiện,3,852,49,Nam,Đông,Tiền Mặt,2556,9,3
912,2024-03-20,Loa,Điện Tử,2,966,56,Nam,Đông,Ví Điện Tử,1932,3,1
913,2024-08-12,Máy Ảnh,Phụ Kiện,4,1547,23,Nam,Đông,Tiền Mặt,6188,8,3
914,2024-01-18,Loa,Phụ Kiện,3,241,18,Nữ,Đông,Thẻ Tín Dụng,723,1,1
915,2024-03-29,Chuột,Điện Tử,1,1414,64,Nữ,Tây,Tiền Mặt,1414,3,1
916,2024-12-03,Đồng Hồ Thông Minh,Điện Tử,1,1555,40,Nữ,Đông,Thẻ Tín Dụng,1555,12,4
917,2024-06-29,Máy Tính Bảng,Phụ Kiện,1,848,56,Nữ,Đông,Ví Điện Tử,848,6,2
918,2024-01-19,Đồng Hồ Thông Minh,Phụ Kiện,1,1975,34,Nữ,Đông,Thẻ Tín Dụng,1975,1,1
919,2024-03-08,Đồng Hồ Thông Minh,Điện Tử,2,1947,51,Nữ,Đông,Tiền Mặt,3894,3,1
920,2024-02-08,Đồng Hồ Thông Minh,Điện Tử,2,1812,58,Nam,Nam,Ví Điện Tử,3624,2,1
921,2024-02-08,Máy Tính Bảng,Phụ Kiện,1,752,46,Nữ,Đông,Tiền Mặt,752,2,1
922,2024-06-17,Bàn Phím,Phụ Kiện,1,800,26,Nữ,Tây,Ví Điện Tử,800,6,2
923,2024-05-03,Tai Nghe,Phụ Kiện,1,1097,30,Nữ,Tây,Ví Điện Tử,1097,5,2
924,2024-10-25,Chuột,Phụ Kiện,2,148,23,Nữ,Tây,Tiền Mặt,296,10,4
925,2024-10-31,Bàn Phím,Điện Tử,1,1425,23,Nam,Bắc,Tiền Mặt,1425,10,4
926,2024-10-30,Chuột,Phụ Kiện,1,980,37,Nam,Nam,Ví Điện Tử,980,10,4
927,2024-01-26,Điện Thoại,Phụ Kiện,4,1313,20,Nữ,Đông,Ví Điện Tử,5252,1,1
928,2024-10-10,Loa,Điện Tử,4,1259,34,Nam,Bắc,Tiền Mặt,5036,10,4
929,2024-08-17,Loa,Phụ Kiện,1,654,29,Nam,Đông,Thẻ Tín Dụng,654,8,3
930,2024-10-12,TV,Điện Tử,3,503,64,Nữ,Bắc,Tiền Mặt,1509,10,4
931,2024-09-20,Loa,Phụ Kiện,1,991,62,Nữ,Bắc,Ví Điện Tử,991,9,3
932,2024-04-15,Máy Tính Bảng,Phụ Kiện,4,964,18,Nữ,Tây,Tiền Mặt,3856,4,2
933,2024-07-31,Máy Ảnh,Điện Tử,3,701,34,Nữ,Tây,Thẻ Tín Dụng,2103,7,3
934,2024-04-22,Laptop,Điện Tử,3,1930,20,Nữ,Bắc,Tiền Mặt,5790,4,2
935,2024-09-06,TV,Phụ Kiện,1,440,43,Nam,Tây,Ví Điện Tử,440,9,3
936,2024-04-16,Laptop,Phụ Kiện,4,1880,32,Nữ,Bắc,Tiền Mặt,7520,4,2
937,2024-10-12,Chuột,Phụ Kiện,4,803,53,Nữ,Nam,Ví Điện Tử,3212,10,4
938,2024-10-09,Laptop,Điện Tử,3,417,49,Nữ,Tây,Ví Điện Tử,1251,10,4
939,2024-05-29,Laptop,Phụ Kiện,1,717,49,Nam,Tây,Tiền Mặt,717,5,2
940,2024-09-05,TV,Điện Tử,2,1486,21,Nữ,Tây,Ví Điện Tử,2972,9,3
941,2024-11-24,Điện Thoại,Điện Tử,2,1945,35,Nữ,Nam,Ví Điện Tử,3890,11,4
942,2024-07-02,Đồng Hồ Thông Minh,Phụ Kiện,4,481,36,Nữ,Bắc,Thẻ Tín Dụng,1924,7,3
943,2024-05-24,Loa,Điện Tử,2,332,60,Nam,Đông,Thẻ Tín Dụng,664,5,2
944,2024-11-02,Loa,Phụ Kiện,4,1900,52,Nữ,Tây,Thẻ Tín Dụng,7600,11,4
945,2024-09-26,Máy Tính Bảng,Phụ Kiện,4,1467,57,Nữ,Bắc,Thẻ Tín Dụng,5868,9,3
946,2024-06-08,TV,Phụ Kiện,4,1672,31,Nữ,Nam,Ví Điện Tử,6688,6,2
947,2024-04-02,Máy Tính Bảng,Phụ Kiện,2,916,50,Nam,Đông,Tiền Mặt,1832,4,2
948,2024-12-03,Máy Ảnh,Phụ Kiện,4,652,31,Nữ,Tây,Ví Điện Tử,2608,12,4
949,2024-01-04,Máy Ảnh,Điện Tử,3,1652,51,Nữ,Nam,Ví Điện Tử,4956,1,1
950,2024-05-07,Máy Tính Bảng,Điện Tử,1,955,21,Nữ,Nam,Ví Điện Tử,955,5,2
951,2024-11-05,TV,Phụ Kiện,1,1912,41,Nam,Đông,Tiền Mặt,1912,11,4
952,2024-04-24,Máy Tính Bảng,Phụ Kiện,4,918,46,Nữ,Bắc,Thẻ Tín Dụng,3672,4,2
953,2024-02-05,Loa,Điện Tử,1,1694,36,Nữ,Tây,Ví Điện Tử,1694,2,1
954,2024-12-30,Bàn Phím,Điện Tử,2,282,23,Nữ,Tây,Ví Điện Tử,564,12,4
955,2024-09-23,Tai Nghe,Điện Tử,2,1164,50,Nam,Bắc,Thẻ Tín Dụng,2328,9,3
956,2024-09-11,Laptop,Điện Tử,1,1674,57,Nam,Bắc,Ví Điện Tử,1674,9,3
957,2024-10-18,Tai Nghe,Phụ Kiện,2,496,36,Nữ,Bắc,Tiền Mặt,992,10,4
958,2024-11-07,TV,Phụ Kiện,1,1827,18,Nam,Đông,Ví Điện Tử,1827,11,4
959,2024-11-23,Tai Nghe,Điện Tử,1,878,22,Nam,Đông,Ví Điện Tử,878,11,4
960,2024-11-25,Máy Ảnh,Phụ Kiện,1,1617,44,Nam,Tây,Thẻ Tín Dụng,1617,11,4
961,2024-10-05,Chuột,Điện Tử,4,1782,33,Nữ,Đông,Ví Điện Tử,7128,10,4
962,2024-01-10,Laptop,Phụ Kiện,1,1006,23,Nữ,Nam,Ví Điện Tử,1006,1,1
963,2024-03-29,Đồng Hồ Thông Minh,Điện Tử,4,1456,57,Nam,Tây,Tiền Mặt,5824,3,1
964,2024-03-18,TV,Phụ Kiện,1,226,30,Nam,Đông,Thẻ Tín Dụng,226,3,1
965,2024-06-29,Laptop,Điện Tử,1,1681,52,Nam,Bắc,Thẻ Tín Dụng,1681,6,2
966,2024-05-04,Tai Nghe,Điện Tử,1,1680,36,Nữ,Nam,Tiền Mặt,1680,5,2
967,2024-08-14,Máy Ảnh,Phụ Kiện,2,100,29,Nữ,Bắc,Ví Điện Tử,200,8,3
968,2024-10-17,Điện Thoại,Điện Tử,4,1291,33,Nam,Tây,Thẻ Tín Dụng,5164,10,4
969,2024-08-21,Bàn Phím,Phụ Kiện,4,1743,60,Nam,Bắc,Thẻ Tín Dụng,6972,8,3
970,2024-05-31,Đồng Hồ Thông Minh,Phụ Kiện,1,118,27,Nam,Đông,Ví Điện Tử,118,5,2
971,2024-09-28,Bàn Phím,Điện Tử,1,1455,42,Nam,Đông,Ví Điện Tử,1455,9,3
972,2024-08-13,Laptop,Phụ Kiện,2,683,37,Nữ,Tây,Thẻ Tín Dụng,1366,8,3
973,2024-10-03,Máy Ảnh,Phụ Kiện,2,555,48,Nam,Bắc,Ví Điện Tử,1110,10,4
974,2024-11-28,Máy Ảnh,Phụ Kiện,2,1056,21,Nữ,Tây,Thẻ Tín Dụng,2112,11,4
975,2024-12-24,Tai Nghe,Phụ Kiện,4,1232,61,Nam,Bắc,Ví Điện Tử,4928,12,4
976,2024-08-24,Loa,Phụ Kiện,4,1391,40,Nam,Nam,Ví Điện Tử,5564,8,3
977,2024-08-11,Tai Nghe,Điện Tử,4,544,19,Nam,Đông,Tiền Mặt,2176,8,3
978,2024-12-16,Loa,Phụ Kiện,1,1363,39,Nam,Tây,Ví Điện Tử,1363,12,4
979,2024-05-16,Loa,Phụ Kiện,4,1424,54,Nam,Nam,Tiền Mặt,5696,5,2
980,2024-11-22,Đồng Hồ Thông Minh,Phụ Kiện,3,701,25,Nữ,Nam,Ví Điện Tử,2103,11,4
981,2024-12-05,Tai Nghe,Phụ Kiện,3,202,24,Nam,Tây,Thẻ Tín Dụng,606,12,4
982,2024-03-29,Điện Thoại,Phụ Kiện,2,1087,31,Nam,Tây,Thẻ Tín Dụng,2174,3,1
983,2024-05-29,Máy Tính Bảng,Điện Tử,4,1373,20,Nam,Nam,Ví Điện Tử,5492,5,2
984,2024-06-21,Máy Tính Bảng,Phụ Kiện,3,1576,33,Nữ,Bắc,Ví Điện Tử,4728,6,2
985,2024-06-13,Tai Nghe,Điện Tử,2,619,36,Nữ,Nam,Thẻ Tín Dụng,1238,6,2
986,2024-02-07,Tai Nghe,Điện Tử,4,1276,35,Nữ,Tây,Ví Điện Tử,5104,2,1
987,2024-12-11,Bàn Phím,Điện Tử,1,958,33,Nữ,Nam,Tiền Mặt,958,12,4
988,2024-08-08,Đồng Hồ Thông Minh,Điện Tử,3,273,25,Nam,Bắc,Tiền Mặt,819,8,3
989,2024-03-29,Tai Nghe,Phụ Kiện,1,1466,50,Nam,Đông,Tiền Mặt,1466,3,1
990,2024-12-03,Bàn Phím,Điện Tử,4,1793,29,Nam,Đông,Tiền Mặt,7172,12,4
991,2024-06-30,Loa,Điện Tử,3,1104,28,Nữ,Nam,Tiền Mặt,3312,6,2
992,2024-03-20,Máy Ảnh,Phụ Kiện,4,530,22,Nam,Bắc,Ví Điện Tử,2120,3,1
993,2024-03-16,Máy Ảnh,Phụ Kiện,1,826,44,Nam,Đông,Ví Điện Tử,826,3,1
994,2024-06-18,Loa,Phụ Kiện,3,1812,29,Nữ,Nam,Tiền Mặt,5436,6,2
995,2024-09-01,TV,Điện Tử,1,1810,34,Nữ,Nam,Ví Điện Tử,1810,9,3
996,2024-04-01,Bàn Phím,Phụ Kiện,4,1975,23,Nữ,Bắc,Ví Điện Tử,7900,4,2
997,2024-01-01,Bàn Phím,Phụ Kiện,4,949,50,Nam,Tây,Tiền Mặt,3796,1,1
998,2024-08-06,Loa,Điện Tử,1,1781,22,Nam,Nam,Ví Điện Tử,1781,8,3
999,2024-04-21,Điện Thoại,Phụ Kiện,3,1447,45,Nữ,Tây,Ví Điện Tử,4341,4,2
1000,2024-03-26,Chuột,Phụ Kiện,1,1089,31,Nam,Tây,Ví Điện Tử,1089,3,1
